link,parent,title
"https://www.dice.com/jobs/detail/Database-Administrator-Lower-Merion-Township-Ardmore-PA-19003/RTX19b54c/wspos940653?icid=sr1-1p&q=Computer science&l=Philadelphia, PA","https://www.dice.com/jobs/q-Computer_science-l-Philadelphia,_PA-djt-Database_Administrator-radius-30-jobs.html",Database Administrator
"https://www.dice.com/jobs/detail/Database-Administrator-Pomeroy-IT-Solutions-Ardmore-PA-19003/10307848/217651?icid=sr2-1p&q=Computer science&l=Philadelphia, PA","https://www.dice.com/jobs/q-Computer_science-l-Philadelphia,_PA-djt-Database_Administrator-radius-30-jobs.html",Database Administrator
"https://www.dice.com/jobs/detail/Database-Administrator-Robert-Half-Technology-Moorestown-NJ-08057/rhalfint/02760-124260?icid=sr4-1p&q=Computer science&l=Philadelphia, PA","https://www.dice.com/jobs/q-Computer_science-l-Philadelphia,_PA-djt-Database_Administrator-radius-30-jobs.html",Database Administrator
"https://www.dice.com/jobs/detail/Database-Administrator-Lower-Merion-Township-Ardmore-PA-19003/RTX19b54c/wspos940653?icid=sr1-1p&q=Computer science&l=Philadelphia, PA","https://www.dice.com/jobs/q-Computer_science-l-Philadelphia,_PA-djt-Database_Administrator-radius-30-jobs.html",
"https://www.dice.com/jobs/detail/Database-Administrator-Pomeroy-IT-Solutions-Ardmore-PA-19003/10307848/217651?icid=sr2-1p&q=Computer science&l=Philadelphia, PA","https://www.dice.com/jobs/q-Computer_science-l-Philadelphia,_PA-djt-Database_Administrator-radius-30-jobs.html",
"https://www.dice.com/jobs/detail/Database-Administrator-Robert-Half-Technology-Moorestown-NJ-08057/rhalfint/02760-124260?icid=sr4-1p&q=Computer science&l=Philadelphia, PA","https://www.dice.com/jobs/q-Computer_science-l-Philadelphia,_PA-djt-Database_Administrator-radius-30-jobs.html",
"https://www.dice.com/jobs/detail/Software-Engineer-GSI-Health-Philadelphia-PA-19103/10317490/222507?icid=sr1-1p&q=Computer science&l=Philadelphia, PA","https://www.dice.com/jobs/q-Computer_science-l-Philadelphia,_PA-djt-Software_Engineer-radius-30-jobs.html",Software Engineer
"https://www.dice.com/jobs/detail/Senior-Java-Developer-Infor-Global-Solutions-Malvern-PA-19355/10114757/89837?icid=sr1-1p&q=Computer science&l=Philadelphia, PA","https://www.dice.com/jobs/q-Computer_science-l-Philadelphia,_PA-djt-Senior_Java_Developer-radius-30-jobs.html",Senior Java Developer
"https://www.dice.com/jobs/detail/Project-Manager-Keystone-Computer-Associates%2C-Inc.-Trevose-PA-19053/keystone/291835?icid=sr1-1p&q=Computer science&l=Philadelphia, PA","https://www.dice.com/jobs/q-Computer_science-l-Philadelphia,_PA-djt-Project_Manager-radius-30-jobs.html",Project Manager
"https://www.dice.com/jobs/detail/.NET-Developer-VitalNetix-Mount-Laurel-NJ-08054/90753479/00009?icid=sr1-1p&q=Computer science&l=Philadelphia, PA","https://www.dice.com/jobs/q-Computer_science-l-Philadelphia,_PA-djt-.NET_Developer-radius-30-jobs.html",.NET Developer
"https://www.dice.com/jobs/detail/.Net-Developer-DIVERSANT%2C-LLC.-Lansdale-PA-19446/infotny/15-08717JR?icid=sr1-1p&q=Computer science&l=Philadelphia, PA","https://www.dice.com/jobs/q-Computer_science-l-Philadelphia,_PA-djt-.Net_Developer-radius-30-jobs.html",.Net Developer
"https://www.dice.com/jobs/detail/Business-Analyst-Vision-InfoSystems-Inc.-Mount-Laurel-NJ-08054/10120623/5660k?icid=sr1-1p&q=Computer science&l=Philadelphia, PA","https://www.dice.com/jobs/q-Computer_science-l-Philadelphia,_PA-djt-Business_Analyst-radius-30-jobs.html",Business Analyst
"https://www.dice.com/jobs/detail/Web-Developer-The-Barnes-Foundation-Philadelphia-PA-19130/RTX19ddd0/303195?icid=sr2-1p&q=Computer science&l=Philadelphia, PA","https://www.dice.com/jobs/q-Computer_science-l-Philadelphia,_PA-djt-Web_Developer-radius-30-jobs.html",Web Developer
"https://www.dice.com/jobs/detail/Software-Engineer-Sensaphone-Aston-PA-19014/RTX163e89/wspos250330?icid=sr2-1p&q=Computer science&l=Philadelphia, PA","https://www.dice.com/jobs/q-Computer_science-l-Philadelphia,_PA-djt-Software_Engineer-radius-30-jobs.html",Software Engineer
"https://www.dice.com/jobs/detail/Software-Engineer-Randstad-Technologies-King-Of-Prussia-PA-19406/10115700a/452330?icid=sr3-1p&q=Computer science&l=Philadelphia, PA","https://www.dice.com/jobs/q-Computer_science-l-Philadelphia,_PA-djt-Software_Engineer-radius-30-jobs.html",Software Engineer
"https://www.dice.com/jobs/detail/Senior-Java-Developer-Abvnbyond-Inc-Philadelphia-PA-19102/90859481/307376?icid=sr2-1p&q=Computer science&l=Philadelphia, PA","https://www.dice.com/jobs/q-Computer_science-l-Philadelphia,_PA-djt-Senior_Java_Developer-radius-30-jobs.html",Senior Java Developer
"https://www.dice.com/jobs/detail/Senior-Java-Developer-JPC-Partners-King-Of-Prussia-PA-19406/10125280/295467?icid=sr3-1p&q=Computer science&l=Philadelphia, PA","https://www.dice.com/jobs/q-Computer_science-l-Philadelphia,_PA-djt-Senior_Java_Developer-radius-30-jobs.html",Senior Java Developer
"https://www.dice.com/jobs/detail/Project-Manager-Robert-Half-Technology-Willow-Grove-PA-19044/rhalfint/03720-129640?icid=sr2-1p&q=Computer science&l=Philadelphia, PA","https://www.dice.com/jobs/q-Computer_science-l-Philadelphia,_PA-djt-Project_Manager-radius-30-jobs.html",Project Manager
"https://www.dice.com/jobs/detail/Project-Manager-The-Judge-Group-Mt.-Laurel-NJ-08054/cxjudgpa/474244?icid=sr3-1p&q=Computer science&l=Philadelphia, PA","https://www.dice.com/jobs/q-Computer_science-l-Philadelphia,_PA-djt-Project_Manager-radius-30-jobs.html",Project Manager
"https://www.dice.com/jobs/detail/.NET-Developer-NTT-DATA%2C-Inc.-Bala-Cynwyd-PA-19004/10229323a/15-06221?icid=sr2-1p&q=Computer science&l=Philadelphia, PA","https://www.dice.com/jobs/q-Computer_science-l-Philadelphia,_PA-djt-.NET_Developer-radius-30-jobs.html",.NET Developer
"https://www.dice.com/jobs/detail/.NET-Developer-Open-Systems-Technologies-Philadelphia-PA-19130/10240580/281515?icid=sr3-1p&q=Computer science&l=Philadelphia, PA","https://www.dice.com/jobs/q-Computer_science-l-Philadelphia,_PA-djt-.NET_Developer-radius-30-jobs.html",.NET Developer
"https://www.dice.com/jobs/detail/.Net-Developer-The-Judge-Group-Mt.-Laurel-NJ-08054/cxjudgpa/472814?icid=sr2-1p&q=Computer science&l=Philadelphia, PA","https://www.dice.com/jobs/q-Computer_science-l-Philadelphia,_PA-djt-.Net_Developer-radius-30-jobs.html",.Net Developer
"https://www.dice.com/jobs/detail/.Net-Developer-Human-Capital-Management-Bala-Cynwyd-PA-19004/humancap/03001?icid=sr3-1p&q=Computer science&l=Philadelphia, PA","https://www.dice.com/jobs/q-Computer_science-l-Philadelphia,_PA-djt-.Net_Developer-radius-30-jobs.html",.Net Developer
"https://www.dice.com/jobs/detail/Business-Analyst-Open-Systems-Technologies-Radnor-PA-19089/10240580/15-07122?icid=sr3-1p&q=Computer science&l=Philadelphia, PA","https://www.dice.com/jobs/q-Computer_science-l-Philadelphia,_PA-djt-Business_Analyst-radius-30-jobs.html",Business Analyst
"https://www.dice.com/jobs/detail/Business-Analyst-RemX-Specialty-Staffing-Conshohocken-PA-19428/remca001/5814_BusAn_110-332?icid=sr4-1p&q=Computer science&l=Philadelphia, PA","https://www.dice.com/jobs/q-Computer_science-l-Philadelphia,_PA-djt-Business_Analyst-radius-30-jobs.html",Business Analyst
"https://www.dice.com/jobs/detail/Web-Developer-firstPRO%2C-Inc.-Philadelphia-PA-19130/FIRSTPROb/298270?icid=sr6-1p&q=Computer science&l=Philadelphia, PA","https://www.dice.com/jobs/q-Computer_science-l-Philadelphia,_PA-djt-Web_Developer-radius-30-jobs.html",Web Developer
"https://www.dice.com/jobs/detail/Web-Developer-The-Barnes-Foundation-Philadelphia-PA-19130/RTX19ddd0/303195?icid=sr2-1p&q=Computer science&l=Philadelphia, PA","https://www.dice.com/jobs/q-Computer_science-l-Philadelphia,_PA-djt-Web_Developer-radius-30-jobs.html",
"https://www.dice.com/jobs/detail/Software-Engineer-Randstad-Technologies-Aston-PA-19014/10115700b/453119?icid=sr4-1p&q=Computer science&l=Philadelphia, PA","https://www.dice.com/jobs/q-Computer_science-l-Philadelphia,_PA-djt-Software_Engineer-radius-30-jobs.html",Software Engineer
"https://www.dice.com/jobs/detail/Software-Engineer-The-Judge-Group-West-Conshohocken-PA-19428/cxjudgpa/466051?icid=sr5-1p&q=Computer science&l=Philadelphia, PA","https://www.dice.com/jobs/q-Computer_science-l-Philadelphia,_PA-djt-Software_Engineer-radius-30-jobs.html",Software Engineer
"https://www.dice.com/jobs/detail/Senior-Java-Developer-JPC-Partners-Plymouth-Meeting-PA-19462/10125280/295451?icid=sr4-1p&q=Computer science&l=Philadelphia, PA","https://www.dice.com/jobs/q-Computer_science-l-Philadelphia,_PA-djt-Senior_Java_Developer-radius-30-jobs.html",Senior Java Developer
"https://www.dice.com/jobs/detail/Senior-Java-Developer-Princeton-Information-Ltd-Princeton-NJ-08540/cxprince/15-14066?icid=sr5-1p&q=Computer science&l=Philadelphia, PA","https://www.dice.com/jobs/q-Computer_science-l-Philadelphia,_PA-djt-Senior_Java_Developer-radius-30-jobs.html",Senior Java Developer
"https://www.dice.com/jobs/detail/Project-Manager-The-Judge-Group-Mount-Laurel-NJ-08054/cxjudgpa/474201?icid=sr4-1p&q=Computer science&l=Philadelphia, PA","https://www.dice.com/jobs/q-Computer_science-l-Philadelphia,_PA-djt-Project_Manager-radius-30-jobs.html",Project Manager
"https://www.dice.com/jobs/detail/Project-Manager-Robert-Half-Technology-Mt.-Laurel-NJ-08054/rhalfint/02760-9812181?icid=sr5-1p&q=Computer science&l=Philadelphia, PA","https://www.dice.com/jobs/q-Computer_science-l-Philadelphia,_PA-djt-Project_Manager-radius-30-jobs.html",Project Manager
"https://www.dice.com/jobs/detail/.NET-Developer-Untra-Corporation-Philadelphia-PA-19106/RTX1a27cf/wspos216570?icid=sr5-1p&q=Computer science&l=Philadelphia, PA","https://www.dice.com/jobs/q-Computer_science-l-Philadelphia,_PA-djt-.NET_Developer-radius-30-jobs.html",.NET Developer
"https://www.dice.com/jobs/detail/.NET-Developer-VitalNetix-Mount-Laurel-NJ-08054/90753479/00009?icid=sr1-1p&q=Computer science&l=Philadelphia, PA","https://www.dice.com/jobs/q-Computer_science-l-Philadelphia,_PA-djt-.NET_Developer-radius-30-jobs.html",
"https://www.dice.com/jobs/detail/.Net-Developer-NuWare-Technology-Corp-Philadelphia-PA-19019/nuware/306358?icid=sr5-1p&q=Computer science&l=Philadelphia, PA","https://www.dice.com/jobs/q-Computer_science-l-Philadelphia,_PA-djt-.Net_Developer-radius-30-jobs.html",.Net Developer
"https://www.dice.com/jobs/detail/.Net-Developer-Entech-Malvern-PA-19355/10328908/MDKKFTMA?icid=sr6-1p&q=Computer science&l=Philadelphia, PA","https://www.dice.com/jobs/q-Computer_science-l-Philadelphia,_PA-djt-.Net_Developer-radius-30-jobs.html",.Net Developer
"https://www.dice.com/jobs/detail/Business-Analyst-Vision-InfoSystems-Inc.-Mount-Laurel-NJ-08054/10120623/5660k?icid=sr1-1p&q=Computer science&l=Philadelphia, PA","https://www.dice.com/jobs/q-Computer_science-l-Philadelphia,_PA-djt-Business_Analyst-radius-30-jobs.html",
"https://www.dice.com/jobs/detail/Business-Analyst-Open-Systems-Technologies-Radnor-PA-19089/10240580/15-07122?icid=sr3-1p&q=Computer science&l=Philadelphia, PA","https://www.dice.com/jobs/q-Computer_science-l-Philadelphia,_PA-djt-Business_Analyst-radius-30-jobs.html",
"https://www.dice.com/jobs/detail/Web-Developer-firstPRO%2C-Inc.-Philadelphia-PA-19130/FIRSTPROb/298270?icid=sr6-1p&q=Computer science&l=Philadelphia, PA","https://www.dice.com/jobs/q-Computer_science-l-Philadelphia,_PA-djt-Web_Developer-radius-30-jobs.html",
"https://www.dice.com/jobs/detail/Software-Engineer-Printmail-Solutions-Newtown-PA-18940/RTL131240/185218?icid=sr6-1p&q=Computer science&l=Philadelphia, PA","https://www.dice.com/jobs/q-Computer_science-l-Philadelphia,_PA-djt-Software_Engineer-radius-30-jobs.html",Software Engineer
"https://www.dice.com/jobs/detail/Software-Engineer-GSI-Health-Philadelphia-PA-19103/10317490/222507?icid=sr1-1p&q=Computer science&l=Philadelphia, PA","https://www.dice.com/jobs/q-Computer_science-l-Philadelphia,_PA-djt-Software_Engineer-radius-30-jobs.html",
"https://www.dice.com/jobs/detail/Senior-Java-Developer-IRIS-Software%2C-Inc.-Princeton-NJ-08541/irissoft/JN-10272015?icid=sr6-1p&q=Computer science&l=Philadelphia, PA","https://www.dice.com/jobs/q-Computer_science-l-Philadelphia,_PA-djt-Senior_Java_Developer-radius-30-jobs.html",Senior Java Developer
"https://www.dice.com/jobs/detail/Senior-Java-Developer-Infor-Global-Solutions-Malvern-PA-19355/10114757/89837?icid=sr1-1p&q=Computer science&l=Philadelphia, PA","https://www.dice.com/jobs/q-Computer_science-l-Philadelphia,_PA-djt-Senior_Java_Developer-radius-30-jobs.html",
"https://www.dice.com/jobs/detail/Project-Manager-Keystone-Computer-Associates%2C-Inc.-Trevose-PA-19053/keystone/291835?icid=sr1-1p&q=Computer science&l=Philadelphia, PA","https://www.dice.com/jobs/q-Computer_science-l-Philadelphia,_PA-djt-Project_Manager-radius-30-jobs.html",
"https://www.dice.com/jobs/detail/Project-Manager-Robert-Half-Technology-Willow-Grove-PA-19044/rhalfint/03720-129640?icid=sr2-1p&q=Computer science&l=Philadelphia, PA","https://www.dice.com/jobs/q-Computer_science-l-Philadelphia,_PA-djt-Project_Manager-radius-30-jobs.html",
"https://www.dice.com/jobs/detail/.NET-Developer-NTT-DATA%2C-Inc.-Bala-Cynwyd-PA-19004/10229323a/15-06221?icid=sr2-1p&q=Computer science&l=Philadelphia, PA","https://www.dice.com/jobs/q-Computer_science-l-Philadelphia,_PA-djt-.NET_Developer-radius-30-jobs.html",
"https://www.dice.com/jobs/detail/.NET-Developer-Open-Systems-Technologies-Philadelphia-PA-19130/10240580/281515?icid=sr3-1p&q=Computer science&l=Philadelphia, PA","https://www.dice.com/jobs/q-Computer_science-l-Philadelphia,_PA-djt-.NET_Developer-radius-30-jobs.html",
"https://www.dice.com/jobs/detail/.Net-Developer-The-Judge-Group-Bensalem-PA-19020/cxjudgpa/471823?icid=sr7-1p&q=Computer science&l=Philadelphia, PA","https://www.dice.com/jobs/q-Computer_science-l-Philadelphia,_PA-djt-.Net_Developer-radius-30-jobs.html",.Net Developer
"https://www.dice.com/jobs/detail/.Net-Developer-DIVERSANT%2C-LLC.-Lansdale-PA-19446/infotny/15-08717JR?icid=sr1-1p&q=Computer science&l=Philadelphia, PA","https://www.dice.com/jobs/q-Computer_science-l-Philadelphia,_PA-djt-.Net_Developer-radius-30-jobs.html",
"https://www.dice.com/jobs/detail/.Net-Developer-The-Judge-Group-Mt.-Laurel-NJ-08054/cxjudgpa/472814?icid=sr2-1p&q=Computer science&l=Philadelphia, PA","https://www.dice.com/jobs/q-Computer_science-l-Philadelphia,_PA-djt-.Net_Developer-radius-30-jobs.html",
"https://www.dice.com/jobs/detail/Business-Analyst-RemX-Specialty-Staffing-Conshohocken-PA-19428/remca001/5814_BusAn_110-332?icid=sr4-1p&q=Computer science&l=Philadelphia, PA","https://www.dice.com/jobs/q-Computer_science-l-Philadelphia,_PA-djt-Business_Analyst-radius-30-jobs.html",
"https://www.dice.com/jobs/detail/Software-Engineer-Sensaphone-Aston-PA-19014/RTX163e89/wspos250330?icid=sr2-1p&q=Computer science&l=Philadelphia, PA","https://www.dice.com/jobs/q-Computer_science-l-Philadelphia,_PA-djt-Software_Engineer-radius-30-jobs.html",
"https://www.dice.com/jobs/detail/Software-Engineer-Randstad-Technologies-King-Of-Prussia-PA-19406/10115700a/452330?icid=sr3-1p&q=Computer science&l=Philadelphia, PA","https://www.dice.com/jobs/q-Computer_science-l-Philadelphia,_PA-djt-Software_Engineer-radius-30-jobs.html",
"https://www.dice.com/jobs/detail/Senior-Java-Developer-Abvnbyond-Inc-Philadelphia-PA-19102/90859481/307376?icid=sr2-1p&q=Computer science&l=Philadelphia, PA","https://www.dice.com/jobs/q-Computer_science-l-Philadelphia,_PA-djt-Senior_Java_Developer-radius-30-jobs.html",
"https://www.dice.com/jobs/detail/Senior-Java-Developer-JPC-Partners-King-Of-Prussia-PA-19406/10125280/295467?icid=sr3-1p&q=Computer science&l=Philadelphia, PA","https://www.dice.com/jobs/q-Computer_science-l-Philadelphia,_PA-djt-Senior_Java_Developer-radius-30-jobs.html",
"https://www.dice.com/jobs/detail/Sr.-Desktop-Engineer-Dechert-LLP-Philadelphia-PA-19104/10232221/wspos290931?icid=sr1-1p&q=Computer science&l=Philadelphia, PA",https://www.dice.com/jobs?l=Philadelphia%2C+PA&q=Computer+science&searchid=4203982346226,Sr. Desktop Engineer
"https://www.dice.com/jobs/detail/Project-Manager-The-Judge-Group-Mt.-Laurel-NJ-08054/cxjudgpa/474244?icid=sr3-1p&q=Computer science&l=Philadelphia, PA","https://www.dice.com/jobs/q-Computer_science-l-Philadelphia,_PA-djt-Project_Manager-radius-30-jobs.html",
"https://www.dice.com/jobs/detail/Project-Manager-The-Judge-Group-Mount-Laurel-NJ-08054/cxjudgpa/474201?icid=sr4-1p&q=Computer science&l=Philadelphia, PA","https://www.dice.com/jobs/q-Computer_science-l-Philadelphia,_PA-djt-Project_Manager-radius-30-jobs.html",
"https://www.dice.com/jobs/detail/.NET-Developer-Untra-Corporation-Philadelphia-PA-19106/RTX1a27cf/wspos216570?icid=sr5-1p&q=Computer science&l=Philadelphia, PA","https://www.dice.com/jobs/q-Computer_science-l-Philadelphia,_PA-djt-.NET_Developer-radius-30-jobs.html",
"https://www.dice.com/jobs/detail/.Net-Developer-Human-Capital-Management-Bala-Cynwyd-PA-19004/humancap/03001?icid=sr3-1p&q=Computer science&l=Philadelphia, PA","https://www.dice.com/jobs/q-Computer_science-l-Philadelphia,_PA-djt-.Net_Developer-radius-30-jobs.html",
"https://www.dice.com/jobs/detail/.Net-Developer-NuWare-Technology-Corp-Philadelphia-PA-19019/nuware/306358?icid=sr5-1p&q=Computer science&l=Philadelphia, PA","https://www.dice.com/jobs/q-Computer_science-l-Philadelphia,_PA-djt-.Net_Developer-radius-30-jobs.html",
"https://www.dice.com/jobs/detail/.Net-Developer-Entech-Malvern-PA-19355/10328908/MDKKFTMA?icid=sr6-1p&q=Computer science&l=Philadelphia, PA","https://www.dice.com/jobs/q-Computer_science-l-Philadelphia,_PA-djt-.Net_Developer-radius-30-jobs.html",
"https://www.dice.com/jobs/detail/Software-Engineer-Randstad-Technologies-Aston-PA-19014/10115700b/453119?icid=sr4-1p&q=Computer science&l=Philadelphia, PA","https://www.dice.com/jobs/q-Computer_science-l-Philadelphia,_PA-djt-Software_Engineer-radius-30-jobs.html",
"https://www.dice.com/jobs/detail/Software-Engineer-The-Judge-Group-West-Conshohocken-PA-19428/cxjudgpa/466051?icid=sr5-1p&q=Computer science&l=Philadelphia, PA","https://www.dice.com/jobs/q-Computer_science-l-Philadelphia,_PA-djt-Software_Engineer-radius-30-jobs.html",
"https://www.dice.com/jobs/detail/EE-Technical-Designer-3-TAD-PGS%2C-Inc-Ridley-Park-PA-19078/10285720a/17557?icid=sr4-1p&q=&l=Philadelphia, PA",https://www.dice.com/jobs,EE Technical Designer 3
"https://www.dice.com/jobs/detail/Senior-Java-Developer-JPC-Partners-Plymouth-Meeting-PA-19462/10125280/295451?icid=sr4-1p&q=Computer science&l=Philadelphia, PA","https://www.dice.com/jobs/q-Computer_science-l-Philadelphia,_PA-djt-Senior_Java_Developer-radius-30-jobs.html",
"https://www.dice.com/jobs/detail/Senior-Java-Developer-Princeton-Information-Ltd-Princeton-NJ-08540/cxprince/15-14066?icid=sr5-1p&q=Computer science&l=Philadelphia, PA","https://www.dice.com/jobs/q-Computer_science-l-Philadelphia,_PA-djt-Senior_Java_Developer-radius-30-jobs.html",
"https://www.dice.com/jobs/detail/Systems-Consultant%2C-Vice-President-State-Street-Princeton-NJ-08540/RTX149071/125409?icid=sr2-1p&q=Computer science&l=Philadelphia, PA",https://www.dice.com/jobs?l=Philadelphia%2C+PA&q=Computer+science&searchid=4203982346226,"Systems Consultant, Vice President"
"https://www.dice.com/jobs/detail/Implementation-Developer-AAVALAR-Consulting-King-Of-Prussia-PA-19406/aavalar/5983?icid=sr3-1p&q=Computer science&l=Philadelphia, PA",https://www.dice.com/jobs?l=Philadelphia%2C+PA&q=Computer+science&searchid=4203982346226,Implementation Developer
"https://www.dice.com/jobs/detail/Project-Manager-Robert-Half-Technology-Mt.-Laurel-NJ-08054/rhalfint/02760-9812181?icid=sr5-1p&q=Computer science&l=Philadelphia, PA","https://www.dice.com/jobs/q-Computer_science-l-Philadelphia,_PA-djt-Project_Manager-radius-30-jobs.html",
"https://www.dice.com/jobs/detail/.Net-Developer-The-Judge-Group-Bensalem-PA-19020/cxjudgpa/471823?icid=sr7-1p&q=Computer science&l=Philadelphia, PA","https://www.dice.com/jobs/q-Computer_science-l-Philadelphia,_PA-djt-.Net_Developer-radius-30-jobs.html",
"https://www.dice.com/jobs/detail/Software-Engineer-Printmail-Solutions-Newtown-PA-18940/RTL131240/185218?icid=sr6-1p&q=Computer science&l=Philadelphia, PA","https://www.dice.com/jobs/q-Computer_science-l-Philadelphia,_PA-djt-Software_Engineer-radius-30-jobs.html",
"https://www.dice.com/jobs/detail/ASP-.NET-Developer-TAD-PGS%2C-Inc-Camden-NJ-08103/10285720a/17383?icid=sr6-1p&q=&l=Philadelphia, PA",https://www.dice.com/jobs,ASP .NET Developer
"https://www.dice.com/jobs/detail/Structural-%26-Payload-Design-Engineer-4-TAD-PGS%2C-Inc-Ridley-Park-PA-19078/10285720a/16993?icid=sr9-1p&q=&l=Philadelphia, PA",https://www.dice.com/jobs,Structural & Payload Design Engineer 4
"https://www.dice.com/jobs/detail/Field-Service-Technician-TAD-PGS%2C-Inc-Philadelphia-PA-19191/10285720a/17129?icid=sr10-1p&q=&l=Philadelphia, PA",https://www.dice.com/jobs,Field Service Technician
"https://www.dice.com/jobs/detail/Senior-Java-Developer-IRIS-Software%2C-Inc.-Princeton-NJ-08541/irissoft/JN-10272015?icid=sr6-1p&q=Computer science&l=Philadelphia, PA","https://www.dice.com/jobs/q-Computer_science-l-Philadelphia,_PA-djt-Senior_Java_Developer-radius-30-jobs.html",
"https://www.dice.com/jobs/detail/Infrastructure-Engineer-Specialist-ADPI%2C-LLC..-Philadelphia-PA-19192/silent/CC4429394?icid=sr4-1p&q=Computer science&l=Philadelphia, PA",https://www.dice.com/jobs?l=Philadelphia%2C+PA&q=Computer+science&searchid=4203982346226,Infrastructure Engineer Specialist
"https://www.dice.com/jobs/detail/C%2B%2B-Developer-AAVALAR-Consulting-King-Of-Prussia-PA-19406/aavalar/6018?icid=sr5-1p&q=Computer science&l=Philadelphia, PA",https://www.dice.com/jobs?l=Philadelphia%2C+PA&q=Computer+science&searchid=4203982346226,C++ Developer
"https://www.dice.com/jobs/detail/Wire-Design-%26-Install-Engineer-3-TAD-PGS%2C-Inc-Ridley-Park-PA-19078/10285720a/16664?icid=sr11-1p&q=&l=Philadelphia, PA",https://www.dice.com/jobs,Wire Design & Install Engineer 3
"https://www.dice.com/jobs/detail/Wire-Design-%26-Install-Engineer-3-TAD-PGS%2C-Inc-Ridley-Park-PA-19078/10285720a/16666?icid=sr12-1p&q=&l=Philadelphia, PA",https://www.dice.com/jobs,Wire Design & Install Engineer 3
"https://www.dice.com/jobs/detail/Systems-Engineer-3-TAD-PGS%2C-Inc-Ridley-Park-PA-19078/10285720a/16722?icid=sr14-1p&q=&l=Philadelphia, PA",https://www.dice.com/jobs,Systems Engineer 3
"https://www.dice.com/jobs/detail/Healthcare-Tech-Company-Seeks-Business-Analyst%26%2347Project-Coordinator-PatientStar-LLC-Moorestown-NJ-08057/RTX18ffba/281096?icid=sr6-1p&q=Computer science&l=Philadelphia, PA",https://www.dice.com/jobs?l=Philadelphia%2C+PA&q=Computer+science&searchid=4203982346226,Healthcare Tech Company Seeks Business Analyst/Project Coordinator
"https://www.dice.com/jobs/detail/SQL-Computer-Programmer-firstPRO%2C-Inc.-Conshohocken-PA-19428/FIRSTPROb/307121?icid=sr7-1p&q=Computer science&l=Philadelphia, PA",https://www.dice.com/jobs?l=Philadelphia%2C+PA&q=Computer+science&searchid=4203982346226,SQL Computer Programmer
"https://www.dice.com/jobs/detail/Database-Administrator-Robert-Half-Technology-Moorestown-NJ-08057/rhalfint/02760-124260?icid=sr2-1p&q=Computer science&l=Philadelphia, PA","https://www.dice.com/jobs/q-Computer_science-l-Philadelphia,_PA-dcs-Recruiter-djt-Database_Administrator-radius-30-jobs.html",Database Administrator
"https://www.dice.com/jobs/detail/Database-Administrator-Lower-Merion-Township-Ardmore-PA-19003/RTX19b54c/wspos940653?icid=sr1-1p&q=Computer science&l=Philadelphia, PA","https://www.dice.com/jobs/q-Computer_science-l-Philadelphia,_PA-dcs-DirectHire-djt-Database_Administrator-radius-30-jobs.html",Database Administrator
"https://www.dice.com/jobs/detail/Customer-Service-Representative-Modis-King-Of-Prussia-PA-19406/10103170/US_EN_6_21701_49030539?icid=sr15-1p&q=&l=Philadelphia, PA",https://www.dice.com/jobs,Customer Service Representative
"https://www.dice.com/jobs/detail/Customer-Service-Representative-Modis-King-Of-Prussia-PA-19406/10103170/US_EN_6_21701_49026080?icid=sr16-1p&q=&l=Philadelphia, PA",https://www.dice.com/jobs,Customer Service Representative
"https://www.dice.com/jobs/detail/Customer-Service-Representative-Job-in-King-of-Prussia%2C-PA-Modis-King-Of-Prussia-PA-19406/10103170/US_EN_6_21701_49021761?icid=sr17-1p&q=&l=Philadelphia, PA",https://www.dice.com/jobs,"Customer Service Representative Job in King of Prussia, PA"
"https://www.dice.com/jobs/detail/Computer-Systems-Analyst-GoWork-Solutions-Ltd-Princeton-NJ-08540/90887873/295432?icid=sr9-1p&q=Computer science&l=Philadelphia, PA",https://www.dice.com/jobs?l=Philadelphia%2C+PA&q=Computer+science&searchid=4203982346226,Computer Systems Analyst
"https://www.dice.com/jobs/detail/Computer-Systems-Validation-The-Judge-Group-Pennington-NJ-08534/cxjudgpa/472173?icid=sr11-1p&q=Computer science&l=Philadelphia, PA",https://www.dice.com/jobs?l=Philadelphia%2C+PA&q=Computer+science&searchid=4203982346226,Computer Systems Validation
"https://www.dice.com/jobs/detail/Database-Administrator-Robert-Half-Technology-Moorestown-NJ-08057/rhalfint/02760-124260?icid=sr2-1p&q=Computer science&l=Philadelphia, PA","https://www.dice.com/jobs/q-Computer_science-l-Philadelphia,_PA-dcs-Recruiter-djt-Database_Administrator-radius-30-jobs.html",
"https://www.dice.com/jobs/detail/Database-Administrator-Pomeroy-IT-Solutions-Ardmore-PA-19003/10307848/217651?icid=sr2-1p&q=Computer science&l=Philadelphia, PA","https://www.dice.com/jobs/q-Computer_science-l-Philadelphia,_PA-dcs-DirectHire-djt-Database_Administrator-radius-30-jobs.html",Database Administrator
"https://www.dice.com/jobs/detail/Database-Administrator-Lower-Merion-Township-Ardmore-PA-19003/RTX19b54c/wspos940653?icid=sr1-1p&q=Computer science&l=Philadelphia, PA","https://www.dice.com/jobs/q-Computer_science-l-Philadelphia,_PA-dcs-DirectHire-djt-Database_Administrator-radius-30-jobs.html",
"https://www.dice.com/jobs/detail/Database-Administrator-Robert-Half-Technology-Moorestown-NJ-08057/rhalfint/02760-124260?icid=sr1-1p&q=Computer science&l=Philadelphia, PA","https://www.dice.com/jobs/q-Computer_science-l-Philadelphia,_PA-djt-Database_Administrator-jtype-C2H_W2-radius-30-jobs.html",Database Administrator
"https://www.dice.com/jobs/detail/.Net-Lead-Developer-%26%2345-up-to-%24125K-%28New-Jersey%29-Career-Brokers%2C-Inc.-Cranbury-NJ-08512/10121917/255192?icid=sr18-1p&q=&l=Philadelphia, PA",https://www.dice.com/jobs,.Net Lead Developer - up to $125K (New Jersey)
"https://www.dice.com/jobs/detail/UI-Developer-Modis-Pennington-NJ-08534/10103170/US_EN_6_21701_49096954?icid=sr19-1p&q=&l=Philadelphia, PA",https://www.dice.com/jobs,UI Developer
"https://www.dice.com/jobs/detail/Computer-System-Validation-Specialist%26%2347Engineer-Sunrise-Systems%2C-Inc.-Fort-Washington-PA-19034/sunrise/15-13381?icid=sr12-1p&q=Computer science&l=Philadelphia, PA",https://www.dice.com/jobs?l=Philadelphia%2C+PA&q=Computer+science&searchid=4203982346226,Computer System Validation Specialist/Engineer
"https://www.dice.com/jobs/detail/Computer-Operator-%28Saturday-%26-Sunday-3PM-%26%2345-11PM%29-Universal-Health-Services-King-Of-Prussia-PA-19406/10116464/164032?icid=sr13-1p&q=Computer science&l=Philadelphia, PA",https://www.dice.com/jobs?l=Philadelphia%2C+PA&q=Computer+science&searchid=4203982346226,Computer Operator (Saturday & Sunday 3PM - 11PM)
"https://www.dice.com/jobs/detail/Web-Developer-The-Barnes-Foundation-Philadelphia-PA-19130/RTX19ddd0/303195?icid=sr1-1p&q=Computer science&l=Philadelphia, PA","https://www.dice.com/jobs/q-Computer_science-l-Philadelphia,_PA-djt-Web_Developer-jtype-Full_Time-radius-30-jobs.html",Web Developer
"https://www.dice.com/jobs/detail/Web-Developer-The-Barnes-Foundation-Philadelphia-PA-19130/RTX19ddd0/303195?icid=sr1-1p&q=Computer science&l=Philadelphia, PA","https://www.dice.com/jobs/q-Computer_science-l-Philadelphia,_PA-dc-The_Barnes_Foundation-djt-Web_Developer-radius-30-jobs.html",Web Developer
"https://www.dice.com/jobs/detail/Database-Administrator-Pomeroy-IT-Solutions-Ardmore-PA-19003/10307848/217651?icid=sr2-1p&q=Computer science&l=Philadelphia, PA","https://www.dice.com/jobs/q-Computer_science-l-Philadelphia,_PA-dcs-DirectHire-djt-Database_Administrator-radius-30-jobs.html",
"https://www.dice.com/jobs/detail/Database-Administrator-Robert-Half-Technology-Moorestown-NJ-08057/rhalfint/02760-124260?icid=sr1-1p&q=Computer science&l=Philadelphia, PA","https://www.dice.com/jobs/q-Computer_science-l-Philadelphia,_PA-djt-Database_Administrator-jtype-C2H_W2-radius-30-jobs.html",
"https://www.dice.com/jobs/detail/Business-Analyst-Modis-Pennington-NJ-08534/10103170/US_EN_6_21701_48945121?icid=sr20-1p&q=&l=Philadelphia, PA",https://www.dice.com/jobs,Business Analyst
"https://www.dice.com/jobs/detail/Sr-Network-Security-engineer-Profile500-Corporation-Ewing-NJ-08618/10397549/NETWORK-CHDWENJ?icid=sr21-1p&q=&l=Philadelphia, PA",https://www.dice.com/jobs,Sr Network Security engineer
"https://www.dice.com/jobs/detail/17979-%26%2345-PHP-Developer-Modis-Philadelphia-PA-19019/10103170/US_EN_6_21701_49110534?icid=sr22-1p&q=&l=Philadelphia, PA",https://www.dice.com/jobs,17979 - PHP Developer
"https://www.dice.com/jobs/detail/Project-Manage%3A-IT-Infrastructure-Build-Out-Longford-%26-Company-Chesterbrook-PA-19087/10491276/301127?icid=sr14-1p&q=Computer science&l=Philadelphia, PA",https://www.dice.com/jobs?l=Philadelphia%2C+PA&q=Computer+science&searchid=4203982346226,Project Manage: IT Infrastructure Build Out
"https://www.dice.com/jobs/detail/Java-Developer%26%2345-Oracle-PLSQl%2C-SQL%2C-Agile%2C-Spring%2C-Medical-CyberCoders-Philadelphia-PA-19019/cybercod/RH1-12477462?icid=sr15-1p&q=Computer science&l=Philadelphia, PA",https://www.dice.com/jobs?l=Philadelphia%2C+PA&q=Computer+science&searchid=4203982346226,"Java Developer- Oracle PLSQl, SQL, Agile, Spring, Medical"
"https://www.dice.com/jobs/detail/Web-Developer-firstPRO%2C-Inc.-Philadelphia-PA-19130/FIRSTPROb/298270?icid=sr3-1p&q=Computer science&l=Philadelphia, PA","https://www.dice.com/jobs/q-Computer_science-l-Philadelphia,_PA-djt-Web_Developer-jtype-Full_Time-radius-30-jobs.html",Web Developer
"https://www.dice.com/jobs/detail/Web-Developer-The-Barnes-Foundation-Philadelphia-PA-19130/RTX19ddd0/303195?icid=sr1-1p&q=Computer science&l=Philadelphia, PA","https://www.dice.com/jobs/q-Computer_science-l-Philadelphia,_PA-djt-Web_Developer-jtype-Full_Time-radius-30-jobs.html",
"https://www.dice.com/jobs/detail/Web-Developer-The-Barnes-Foundation-Philadelphia-PA-19130/RTX19ddd0/303195?icid=sr1-1p&q=Computer science&l=Philadelphia, PA","https://www.dice.com/jobs/q-Computer_science-l-Philadelphia,_PA-dc-The_Barnes_Foundation-djt-Web_Developer-radius-30-jobs.html",
"https://www.dice.com/jobs/detail/Loan-IQ-Business-Analyst-Job-in-Pennington%2C-NJ-Modis-Pennington-NJ-08534/10103170/US_EN_6_21701_48889556?icid=sr23-1p&q=&l=Philadelphia, PA",https://www.dice.com/jobs,"Loan IQ Business Analyst Job in Pennington, NJ"
"https://www.dice.com/jobs/detail/Manager-of-Software-Quality-Assurance-%26%2345-Up-to-%24130K-%28New-Jersey%29-Career-Brokers%2C-Inc.-Princeton-NJ-08541/10121917/294589?icid=sr24-1p&q=&l=Philadelphia, PA",https://www.dice.com/jobs,Manager of Software Quality Assurance - Up to $130K (New Jersey)
"https://www.dice.com/jobs/detail/L2-Desktop-support-Engineer-Calance-US-Norristown%2C-PA-19403/cxbcsi/Job25735?icid=sr25-1p&q=&l=Philadelphia, PA",https://www.dice.com/jobs,L2 Desktop support Engineer
"https://www.dice.com/jobs/detail/IT-Auditor-Kforce-Inc.-Princeton-NJ-08540/kforcecx/ITAQG1481533?icid=sr17-1p&q=Computer science&l=Philadelphia, PA",https://www.dice.com/jobs?l=Philadelphia%2C+PA&q=Computer+science&searchid=4203982346226,IT Auditor
"https://www.dice.com/jobs/detail/IOS-Developer-Kforce-Inc.-Bensalem-PA-19020/kforcecx/ITAQG1475227?icid=sr18-1p&q=Computer science&l=Philadelphia, PA",https://www.dice.com/jobs?l=Philadelphia%2C+PA&q=Computer+science&searchid=4203982346226,IOS Developer
"https://www.dice.com/jobs/detail/Web-Developer-firstPRO%2C-Inc.-Philadelphia-PA-19130/FIRSTPROb/298270?icid=sr3-1p&q=Computer science&l=Philadelphia, PA","https://www.dice.com/jobs/q-Computer_science-l-Philadelphia,_PA-djt-Web_Developer-jtype-Full_Time-radius-30-jobs.html",
"https://www.dice.com/jobs/detail/PC-Support-Technician-III-Job-in-Princeton%2C-NJ-Modis-Princeton-NJ-08540/10103170/US_EN_6_21701_43819941?icid=sr26-1p&q=&l=Philadelphia, PA",https://www.dice.com/jobs,"PC Support Technician III Job in Princeton, NJ"
"https://www.dice.com/jobs/detail/Java-Senior-Programmer-Analyst-%26%2345-up-to-%24120K-%28New-Jersey%29-Career-Brokers%2C-Inc.-Cranbury-NJ-08512/10121917/257654?icid=sr27-1p&q=&l=Philadelphia, PA",https://www.dice.com/jobs,Java Senior Programmer Analyst - up to $120K (New Jersey)
"https://www.dice.com/jobs/detail/PC-Support-Technician-%26%2345-Lease-Refresh-Job-in-Princeton%2C-NJ-Modis-Princeton-NJ-08540/10103170/US_EN_6_21701_48477425?icid=sr28-1p&q=&l=Philadelphia, PA",https://www.dice.com/jobs,"PC Support Technician - Lease Refresh Job in Princeton, NJ"
"https://www.dice.com/jobs/detail/Software-Support-Specialist-Synametrics-Technologies-Plainsboro-NJ-08536/RTX16c40b/294608?icid=sr20-1p&q=Computer science&l=Philadelphia, PA",https://www.dice.com/jobs?l=Philadelphia%2C+PA&q=Computer+science&searchid=4203982346226,Software Support Specialist
"https://www.dice.com/jobs/detail/Technology-Support-Specialist-Questeq-Perkasie-PA-18944/90884876/295557?icid=sr22-1p&q=Computer science&l=Philadelphia, PA",https://www.dice.com/jobs?l=Philadelphia%2C+PA&q=Computer+science&searchid=4203982346226,Technology Support Specialist
"https://www.dice.com/jobs/detail/User-Interface-Developer-Pennington%2C-NJ-Modis-Pennington-NJ-08534/10103170/US_EN_6_21701_49003216?icid=sr29-1p&q=&l=Philadelphia, PA",https://www.dice.com/jobs,"User Interface Developer Pennington, NJ"
"https://www.dice.com/jobs/detail/EE-Technical-Designer-3-TAD-PGS%2C-Inc-Ridley-Park-PA-19078/10285720a/17557?icid=sr4-1p&q=&l=Philadelphia, PA",https://www.dice.com/jobs,
"https://www.dice.com/jobs/detail/ASP-.NET-Developer-TAD-PGS%2C-Inc-Camden-NJ-08103/10285720a/17383?icid=sr6-1p&q=&l=Philadelphia, PA",https://www.dice.com/jobs,
"https://www.dice.com/jobs/detail/Mission-Command-Systems-Trainer-Job-Booz-Allen-Hamilton-Pemberton-NJ-08068/booz/01200855?icid=sr23-1p&q=Computer science&l=Philadelphia, PA",https://www.dice.com/jobs?l=Philadelphia%2C+PA&q=Computer+science&searchid=4203982346226,Mission Command Systems Trainer Job
"https://www.dice.com/jobs/detail/Mission-Command-Systems-Trainer-Job-Booz-Allen-Hamilton-Pemberton-NJ-08068/booz/01200875?icid=sr24-1p&q=Computer science&l=Philadelphia, PA",https://www.dice.com/jobs?l=Philadelphia%2C+PA&q=Computer+science&searchid=4203982346226,Mission Command Systems Trainer Job
"https://www.dice.com/jobs/detail/Structural-%26-Payload-Design-Engineer-4-TAD-PGS%2C-Inc-Ridley-Park-PA-19078/10285720a/16993?icid=sr9-1p&q=&l=Philadelphia, PA",https://www.dice.com/jobs,
"https://www.dice.com/jobs/detail/Field-Service-Technician-TAD-PGS%2C-Inc-Philadelphia-PA-19191/10285720a/17129?icid=sr10-1p&q=&l=Philadelphia, PA",https://www.dice.com/jobs,
"https://www.dice.com/jobs/detail/Wire-Design-%26-Install-Engineer-3-TAD-PGS%2C-Inc-Ridley-Park-PA-19078/10285720a/16664?icid=sr11-1p&q=&l=Philadelphia, PA",https://www.dice.com/jobs,
"https://www.dice.com/jobs/detail/Mission-Command-Systems-Trainer-Job-Booz-Allen-Hamilton-Pemberton-NJ-08068/booz/01200876?icid=sr25-1p&q=Computer science&l=Philadelphia, PA",https://www.dice.com/jobs?l=Philadelphia%2C+PA&q=Computer+science&searchid=4203982346226,Mission Command Systems Trainer Job
"https://www.dice.com/jobs/detail/Tech-Support-Analyst-Kforce-Inc.-Chesterbrook-PA-19087/kforcecx/ITAQG1481773?icid=sr26-1p&q=Computer science&l=Philadelphia, PA",https://www.dice.com/jobs?l=Philadelphia%2C+PA&q=Computer+science&searchid=4203982346226,Tech Support Analyst
"https://www.dice.com/jobs/detail/Wire-Design-%26-Install-Engineer-3-TAD-PGS%2C-Inc-Ridley-Park-PA-19078/10285720a/16666?icid=sr12-1p&q=&l=Philadelphia, PA",https://www.dice.com/jobs,
"https://www.dice.com/jobs/detail/Systems-Engineer-3-TAD-PGS%2C-Inc-Ridley-Park-PA-19078/10285720a/16722?icid=sr14-1p&q=&l=Philadelphia, PA",https://www.dice.com/jobs,
"https://www.dice.com/jobs/detail/Customer-Service-Representative-Modis-King-Of-Prussia-PA-19406/10103170/US_EN_6_21701_49030539?icid=sr15-1p&q=&l=Philadelphia, PA",https://www.dice.com/jobs,
"https://www.dice.com/jobs/detail/Systems-Integrations-Specialist-with-MobileIron-Kforce-Inc.-Paulsboro-NJ-08066/kforcecx/ITAQG1480066?icid=sr27-1p&q=Computer science&l=Philadelphia, PA",https://www.dice.com/jobs?l=Philadelphia%2C+PA&q=Computer+science&searchid=4203982346226,Systems Integrations Specialist with MobileIron
"https://www.dice.com/jobs/detail/Sr.-Desktop-Engineer-Dechert-LLP-Philadelphia-PA-19104/10232221/wspos290931?icid=sr1-1p&q=Computer science&l=Philadelphia, PA",https://www.dice.com/jobs?l=Philadelphia%2C+PA&q=Computer+science&searchid=4203982346226,
"https://www.dice.com/jobs/detail/Customer-Service-Representative-Modis-King-Of-Prussia-PA-19406/10103170/US_EN_6_21701_49026080?icid=sr16-1p&q=&l=Philadelphia, PA",https://www.dice.com/jobs,
"https://www.dice.com/jobs/detail/Customer-Service-Representative-Job-in-King-of-Prussia%2C-PA-Modis-King-Of-Prussia-PA-19406/10103170/US_EN_6_21701_49021761?icid=sr17-1p&q=&l=Philadelphia, PA",https://www.dice.com/jobs,
"https://www.dice.com/jobs/detail/.Net-Lead-Developer-%26%2345-up-to-%24125K-%28New-Jersey%29-Career-Brokers%2C-Inc.-Cranbury-NJ-08512/10121917/255192?icid=sr18-1p&q=&l=Philadelphia, PA",https://www.dice.com/jobs,
"https://www.dice.com/jobs/detail/Systems-Consultant%2C-Vice-President-State-Street-Princeton-NJ-08540/RTX149071/125409?icid=sr2-1p&q=Computer science&l=Philadelphia, PA",https://www.dice.com/jobs?l=Philadelphia%2C+PA&q=Computer+science&searchid=4203982346226,
"https://www.dice.com/jobs/detail/Implementation-Developer-AAVALAR-Consulting-King-Of-Prussia-PA-19406/aavalar/5983?icid=sr3-1p&q=Computer science&l=Philadelphia, PA",https://www.dice.com/jobs?l=Philadelphia%2C+PA&q=Computer+science&searchid=4203982346226,
"https://www.dice.com/jobs/detail/UI-Developer-Modis-Pennington-NJ-08534/10103170/US_EN_6_21701_49096954?icid=sr19-1p&q=&l=Philadelphia, PA",https://www.dice.com/jobs,
"https://www.dice.com/jobs/detail/Business-Analyst-Modis-Pennington-NJ-08534/10103170/US_EN_6_21701_48945121?icid=sr20-1p&q=&l=Philadelphia, PA",https://www.dice.com/jobs,
"https://www.dice.com/jobs/detail/Sr-Network-Security-engineer-Profile500-Corporation-Ewing-NJ-08618/10397549/NETWORK-CHDWENJ?icid=sr21-1p&q=&l=Philadelphia, PA",https://www.dice.com/jobs,
"https://www.dice.com/jobs/detail/Infrastructure-Engineer-Specialist-ADPI%2C-LLC..-Philadelphia-PA-19192/silent/CC4429394?icid=sr4-1p&q=Computer science&l=Philadelphia, PA",https://www.dice.com/jobs?l=Philadelphia%2C+PA&q=Computer+science&searchid=4203982346226,
"https://www.dice.com/jobs/detail/C%2B%2B-Developer-AAVALAR-Consulting-King-Of-Prussia-PA-19406/aavalar/6018?icid=sr5-1p&q=Computer science&l=Philadelphia, PA",https://www.dice.com/jobs?l=Philadelphia%2C+PA&q=Computer+science&searchid=4203982346226,
"https://www.dice.com/jobs/detail/17979-%26%2345-PHP-Developer-Modis-Philadelphia-PA-19019/10103170/US_EN_6_21701_49110534?icid=sr22-1p&q=&l=Philadelphia, PA",https://www.dice.com/jobs,
"https://www.dice.com/jobs/detail/Loan-IQ-Business-Analyst-Job-in-Pennington%2C-NJ-Modis-Pennington-NJ-08534/10103170/US_EN_6_21701_48889556?icid=sr23-1p&q=&l=Philadelphia, PA",https://www.dice.com/jobs,
"https://www.dice.com/jobs/detail/Manager-of-Software-Quality-Assurance-%26%2345-Up-to-%24130K-%28New-Jersey%29-Career-Brokers%2C-Inc.-Princeton-NJ-08541/10121917/294589?icid=sr24-1p&q=&l=Philadelphia, PA",https://www.dice.com/jobs,
"https://www.dice.com/jobs/detail/Healthcare-Tech-Company-Seeks-Business-Analyst%26%2347Project-Coordinator-PatientStar-LLC-Moorestown-NJ-08057/RTX18ffba/281096?icid=sr6-1p&q=Computer science&l=Philadelphia, PA",https://www.dice.com/jobs?l=Philadelphia%2C+PA&q=Computer+science&searchid=4203982346226,
"https://www.dice.com/jobs/detail/SQL-Computer-Programmer-firstPRO%2C-Inc.-Conshohocken-PA-19428/FIRSTPROb/307121?icid=sr7-1p&q=Computer science&l=Philadelphia, PA",https://www.dice.com/jobs?l=Philadelphia%2C+PA&q=Computer+science&searchid=4203982346226,
"https://www.dice.com/jobs/detail/L2-Desktop-support-Engineer-Calance-US-Norristown%2C-PA-19403/cxbcsi/Job25735?icid=sr25-1p&q=&l=Philadelphia, PA",https://www.dice.com/jobs,
"https://www.dice.com/jobs/detail/PC-Support-Technician-III-Job-in-Princeton%2C-NJ-Modis-Princeton-NJ-08540/10103170/US_EN_6_21701_43819941?icid=sr26-1p&q=&l=Philadelphia, PA",https://www.dice.com/jobs,
"https://www.dice.com/jobs/detail/Java-Senior-Programmer-Analyst-%26%2345-up-to-%24120K-%28New-Jersey%29-Career-Brokers%2C-Inc.-Cranbury-NJ-08512/10121917/257654?icid=sr27-1p&q=&l=Philadelphia, PA",https://www.dice.com/jobs,
"https://www.dice.com/jobs/detail/Computer-Systems-Analyst-GoWork-Solutions-Ltd-Princeton-NJ-08540/90887873/295432?icid=sr9-1p&q=Computer science&l=Philadelphia, PA",https://www.dice.com/jobs?l=Philadelphia%2C+PA&q=Computer+science&searchid=4203982346226,
"https://www.dice.com/jobs/detail/Computer-Systems-Validation-The-Judge-Group-Pennington-NJ-08534/cxjudgpa/472173?icid=sr11-1p&q=Computer science&l=Philadelphia, PA",https://www.dice.com/jobs?l=Philadelphia%2C+PA&q=Computer+science&searchid=4203982346226,
"https://www.dice.com/jobs/detail/PC-Support-Technician-%26%2345-Lease-Refresh-Job-in-Princeton%2C-NJ-Modis-Princeton-NJ-08540/10103170/US_EN_6_21701_48477425?icid=sr28-1p&q=&l=Philadelphia, PA",https://www.dice.com/jobs,
"https://www.dice.com/jobs/detail/User-Interface-Developer-Pennington%2C-NJ-Modis-Pennington-NJ-08534/10103170/US_EN_6_21701_49003216?icid=sr29-1p&q=&l=Philadelphia, PA",https://www.dice.com/jobs,
"https://www.dice.com/jobs/detail/Computer-System-Validation-Specialist%26%2347Engineer-Sunrise-Systems%2C-Inc.-Fort-Washington-PA-19034/sunrise/15-13381?icid=sr12-1p&q=Computer science&l=Philadelphia, PA",https://www.dice.com/jobs?l=Philadelphia%2C+PA&q=Computer+science&searchid=4203982346226,
"https://www.dice.com/jobs/detail/Computer-Operator-%28Saturday-%26-Sunday-3PM-%26%2345-11PM%29-Universal-Health-Services-King-Of-Prussia-PA-19406/10116464/164032?icid=sr13-1p&q=Computer science&l=Philadelphia, PA",https://www.dice.com/jobs?l=Philadelphia%2C+PA&q=Computer+science&searchid=4203982346226,
"https://www.dice.com/jobs/detail/Project-Manage%3A-IT-Infrastructure-Build-Out-Longford-%26-Company-Chesterbrook-PA-19087/10491276/301127?icid=sr14-1p&q=Computer science&l=Philadelphia, PA",https://www.dice.com/jobs?l=Philadelphia%2C+PA&q=Computer+science&searchid=4203982346226,
"https://www.dice.com/jobs/detail/Java-Developer%26%2345-Oracle-PLSQl%2C-SQL%2C-Agile%2C-Spring%2C-Medical-CyberCoders-Philadelphia-PA-19019/cybercod/RH1-12477462?icid=sr15-1p&q=Computer science&l=Philadelphia, PA",https://www.dice.com/jobs?l=Philadelphia%2C+PA&q=Computer+science&searchid=4203982346226,
"https://www.dice.com/jobs/detail/IT-Auditor-Kforce-Inc.-Princeton-NJ-08540/kforcecx/ITAQG1481533?icid=sr17-1p&q=Computer science&l=Philadelphia, PA",https://www.dice.com/jobs?l=Philadelphia%2C+PA&q=Computer+science&searchid=4203982346226,
"https://www.dice.com/jobs/detail/IOS-Developer-Kforce-Inc.-Bensalem-PA-19020/kforcecx/ITAQG1475227?icid=sr18-1p&q=Computer science&l=Philadelphia, PA",https://www.dice.com/jobs?l=Philadelphia%2C+PA&q=Computer+science&searchid=4203982346226,
"https://www.dice.com/jobs/detail/Software-Support-Specialist-Synametrics-Technologies-Plainsboro-NJ-08536/RTX16c40b/294608?icid=sr20-1p&q=Computer science&l=Philadelphia, PA",https://www.dice.com/jobs?l=Philadelphia%2C+PA&q=Computer+science&searchid=4203982346226,
"https://www.dice.com/jobs/detail/Technology-Support-Specialist-Questeq-Perkasie-PA-18944/90884876/295557?icid=sr22-1p&q=Computer science&l=Philadelphia, PA",https://www.dice.com/jobs?l=Philadelphia%2C+PA&q=Computer+science&searchid=4203982346226,
"https://www.dice.com/jobs/detail/Mission-Command-Systems-Trainer-Job-Booz-Allen-Hamilton-Pemberton-NJ-08068/booz/01200855?icid=sr23-1p&q=Computer science&l=Philadelphia, PA",https://www.dice.com/jobs?l=Philadelphia%2C+PA&q=Computer+science&searchid=4203982346226,
"https://www.dice.com/jobs/detail/Mission-Command-Systems-Trainer-Job-Booz-Allen-Hamilton-Pemberton-NJ-08068/booz/01200875?icid=sr24-1p&q=Computer science&l=Philadelphia, PA",https://www.dice.com/jobs?l=Philadelphia%2C+PA&q=Computer+science&searchid=4203982346226,
"https://www.dice.com/jobs/detail/Mission-Command-Systems-Trainer-Job-Booz-Allen-Hamilton-Pemberton-NJ-08068/booz/01200876?icid=sr25-1p&q=Computer science&l=Philadelphia, PA",https://www.dice.com/jobs?l=Philadelphia%2C+PA&q=Computer+science&searchid=4203982346226,
https://www.dice.com/jobs/detail/Sr.-ITPAM-%26%2347-Automation-Engineer-Windward-Consulting-Herndon-VA-20170/10198237/302883?icid=sr1-1p&q=Windward Consulting&l=,https://www.dice.com/company/Windward+Consulting/jobs.html,Sr. ITPAM / Automation Engineer
https://www.dice.com/jobs/detail/AS400%26%2347Iseries-consultnat-Whiztek-Corp-Chicago-IL-60612/10132070/306419?icid=sr1-1p&q=Whiztek Corp&l=,https://www.dice.com/company/Whiztek+Corp/jobs.html,AS400/Iseries consultnat
https://www.dice.com/jobs/detail/Business-Analyst-Needed-For-National-Healthcare-Firm-Wheelhouse-Capital-LLC-Reading-MA-01867/10369001/307227?icid=sr1-1p&q=Wheelhouse Capital LLC&l=,https://www.dice.com/company/Wheelhouse+Capital+LLC/jobs.html,Business Analyst Needed For National Healthcare Firm
"https://www.dice.com/jobs/detail/Tech-Support-Analyst-Kforce-Inc.-Chesterbrook-PA-19087/kforcecx/ITAQG1481773?icid=sr26-1p&q=Computer science&l=Philadelphia, PA",https://www.dice.com/jobs?l=Philadelphia%2C+PA&q=Computer+science&searchid=4203982346226,
"https://www.dice.com/jobs/detail/Systems-Integrations-Specialist-with-MobileIron-Kforce-Inc.-Paulsboro-NJ-08066/kforcecx/ITAQG1480066?icid=sr27-1p&q=Computer science&l=Philadelphia, PA",https://www.dice.com/jobs?l=Philadelphia%2C+PA&q=Computer+science&searchid=4203982346226,
https://www.dice.com/jobs/detail/Software-Quality-Assurance-Analyst-Windward-Consulting-Fairfax-VA-22033/10198237/302852?icid=sr2-1p&q=Windward Consulting&l=,https://www.dice.com/company/Windward+Consulting/jobs.html,Software Quality Assurance Analyst
https://www.dice.com/jobs/detail/SQL-Developer-Windward-Consulting-Fairfax-VA-22033/10198237/302838?icid=sr3-1p&q=Windward Consulting&l=,https://www.dice.com/company/Windward+Consulting/jobs.html,SQL Developer
https://www.dice.com/jobs/detail/Hyperion-Planning-Consultant-Whiztek-Corp-Vernon-Hills-IL-60061/10132070/298738?icid=sr2-1p&q=Whiztek Corp&l=,https://www.dice.com/company/Whiztek+Corp/jobs.html,Hyperion Planning Consultant
https://www.dice.com/jobs/detail/Hyperion-Essbase-Architect-Whiztek-Corp-Vernon-Hills-IL-60061/10132070/298706?icid=sr3-1p&q=Whiztek Corp&l=,https://www.dice.com/company/Whiztek+Corp/jobs.html,Hyperion Essbase Architect
https://www.dice.com/jobs/detail/.Net-Developer%2CSSIS%2CSSRS-Whiztek-Corp-Chicago-IL-60612/10132070/294873?icid=sr4-1p&q=Whiztek Corp&l=,https://www.dice.com/company/Whiztek+Corp/jobs.html,".Net Developer,SSIS,SSRS"
https://www.dice.com/jobs/detail/Project-Manager-Needed-At-National-Healthcare-Firm-Wheelhouse-Capital-LLC-Reading-MA-01867/10369001/308330?icid=sr2-1p&q=Wheelhouse Capital LLC&l=,https://www.dice.com/company/Wheelhouse+Capital+LLC/jobs.html,Project Manager Needed At National Healthcare Firm
https://www.dice.com/jobs/detail/Senior-Java-Software-Engineer-Needed-At-International-Software-Firm-Wheelhouse-Capital-LLC-Yonkers-NY-10703/10369001/939855?icid=sr3-1p&q=Wheelhouse Capital LLC&l=,https://www.dice.com/company/Wheelhouse+Capital+LLC/jobs.html,Senior Java Software Engineer Needed At International Software Firm
https://www.dice.com/jobs/detail/Java-Developer-Windward-Consulting-Fairfax-VA-22033/10198237/988182?icid=sr4-1p&q=Windward Consulting&l=,https://www.dice.com/company/Windward+Consulting/jobs.html,Java Developer
https://www.dice.com/jobs/detail/SCOM-Consultant-Windward-Consulting-Chevy-Chase-MD-20815/10198237/285339?icid=sr5-1p&q=Windward Consulting&l=,https://www.dice.com/company/Windward+Consulting/jobs.html,SCOM Consultant
https://www.dice.com/jobs/detail/Sr.-ITPAM-%26%2347-Automation-Engineer-Windward-Consulting-Herndon-VA-20170/10198237/302883?icid=sr1-1p&q=Windward Consulting&l=,https://www.dice.com/company/Windward+Consulting/jobs.html,
https://www.dice.com/jobs/detail/Logility-consultant-Whiztek-Corp-Naperville-IL-60540/10132070/294828?icid=sr5-1p&q=Whiztek Corp&l=,https://www.dice.com/company/Whiztek+Corp/jobs.html,Logility consultant
https://www.dice.com/jobs/detail/AS400%26%2347Iseries-consultnat-Whiztek-Corp-Chicago-IL-60612/10132070/306419?icid=sr1-1p&q=Whiztek Corp&l=,https://www.dice.com/company/Whiztek+Corp/jobs.html,
https://www.dice.com/jobs/detail/Hyperion-Planning-Consultant-Whiztek-Corp-Vernon-Hills-IL-60061/10132070/298738?icid=sr2-1p&q=Whiztek Corp&l=,https://www.dice.com/company/Whiztek+Corp/jobs.html,
https://www.dice.com/jobs/detail/Senior-Front%26%2345End-Web-Developers-Needed-At-E%26%2345Commerce-Mobile-Firm-Wheelhouse-Capital-LLC-Boston-MA-02210/10369001/226769?icid=sr4-1p&q=Wheelhouse Capital LLC&l=,https://www.dice.com/company/Wheelhouse+Capital+LLC/jobs.html,Senior Front-End Web Developers Needed At E-Commerce Mobile Firm
https://www.dice.com/jobs/detail/Ruby-On-Rails-Developer-Needed-At-Big-Data-Digital-Marketing-Firm-Wheelhouse-Capital-LLC-Boston-MA-02210/10369001/221655?icid=sr5-1p&q=Wheelhouse Capital LLC&l=,https://www.dice.com/company/Wheelhouse+Capital+LLC/jobs.html,Ruby On Rails Developer Needed At Big Data Digital Marketing Firm
https://www.dice.com/jobs/detail/Software-Quality-Assurance-Analyst-Windward-Consulting-Fairfax-VA-22033/10198237/302852?icid=sr2-1p&q=Windward Consulting&l=,https://www.dice.com/company/Windward+Consulting/jobs.html,
https://www.dice.com/jobs/detail/SQL-Developer-Windward-Consulting-Fairfax-VA-22033/10198237/302838?icid=sr3-1p&q=Windward Consulting&l=,https://www.dice.com/company/Windward+Consulting/jobs.html,
https://www.dice.com/jobs/detail/Java-Developer-Windward-Consulting-Fairfax-VA-22033/10198237/988182?icid=sr4-1p&q=Windward Consulting&l=,https://www.dice.com/company/Windward+Consulting/jobs.html,
https://www.dice.com/jobs/detail/Hyperion-Essbase-Architect-Whiztek-Corp-Vernon-Hills-IL-60061/10132070/298706?icid=sr3-1p&q=Whiztek Corp&l=,https://www.dice.com/company/Whiztek+Corp/jobs.html,
https://www.dice.com/jobs/detail/.Net-Developer%2CSSIS%2CSSRS-Whiztek-Corp-Chicago-IL-60612/10132070/294873?icid=sr4-1p&q=Whiztek Corp&l=,https://www.dice.com/company/Whiztek+Corp/jobs.html,
https://www.dice.com/jobs/detail/Logility-consultant-Whiztek-Corp-Naperville-IL-60540/10132070/294828?icid=sr5-1p&q=Whiztek Corp&l=,https://www.dice.com/company/Whiztek+Corp/jobs.html,
https://www.dice.com/jobs/detail/Business-Analyst-Needed-For-National-Healthcare-Firm-Wheelhouse-Capital-LLC-Reading-MA-01867/10369001/307227?icid=sr1-1p&q=Wheelhouse Capital LLC&l=,https://www.dice.com/company/Wheelhouse+Capital+LLC/jobs.html,
https://www.dice.com/jobs/detail/Project-Manager-Needed-At-National-Healthcare-Firm-Wheelhouse-Capital-LLC-Reading-MA-01867/10369001/308330?icid=sr2-1p&q=Wheelhouse Capital LLC&l=,https://www.dice.com/company/Wheelhouse+Capital+LLC/jobs.html,
https://www.dice.com/jobs/detail/Senior-Java-Software-Engineer-Needed-At-International-Software-Firm-Wheelhouse-Capital-LLC-Yonkers-NY-10703/10369001/939855?icid=sr3-1p&q=Wheelhouse Capital LLC&l=,https://www.dice.com/company/Wheelhouse+Capital+LLC/jobs.html,
https://www.dice.com/jobs/detail/SCOM-Consultant-Windward-Consulting-Chevy-Chase-MD-20815/10198237/285339?icid=sr5-1p&q=Windward Consulting&l=,https://www.dice.com/company/Windward+Consulting/jobs.html,
