link,parent,title
"https://www.dice.com/jobs/detail/CURRENT-AND-RECENT-IT%26%2347COMPUTER-SCIENCE-GRADUATES-NJM-Insurance-Group-West-Trenton-NJ-08628/RTL64571/312124?icid=sr1-1p&q=Computer science&l=Philadelphia, PA","https://www.dice.com/jobs/q-Computer_science-l-Philadelphia,_PA-radius-30-jobs.html",CURRENT AND RECENT IT/COMPUTER SCIENCE GRADUATES
"https://www.dice.com/jobs/detail/Sr.-Desktop-Engineer-Dechert-LLP-Philadelphia-PA-19104/10232221/wspos290931?icid=sr2-1p&q=Computer science&l=Philadelphia, PA","https://www.dice.com/jobs/q-Computer_science-l-Philadelphia,_PA-radius-30-jobs.html",Sr. Desktop Engineer
"https://www.dice.com/jobs/detail/Systems-Consultant%2C-Vice-President-State-Street-Princeton-NJ-08540/RTX149071/125409?icid=sr3-1p&q=Computer science&l=Philadelphia, PA","https://www.dice.com/jobs/q-Computer_science-l-Philadelphia,_PA-radius-30-jobs.html","Systems Consultant, Vice President"
"https://www.dice.com/jobs/detail/Implementation-Developer-AAVALAR-Consulting-King-Of-Prussia-PA-19406/aavalar/5983?icid=sr4-1p&q=Computer science&l=Philadelphia, PA","https://www.dice.com/jobs/q-Computer_science-l-Philadelphia,_PA-radius-30-jobs.html",Implementation Developer
"https://www.dice.com/jobs/detail/Infrastructure-Engineer-Specialist-ADPI%2C-LLC..-Philadelphia-PA-19192/silent/CC4429394?icid=sr5-1p&q=Computer science&l=Philadelphia, PA","https://www.dice.com/jobs/q-Computer_science-l-Philadelphia,_PA-radius-30-jobs.html",Infrastructure Engineer Specialist
"https://www.dice.com/jobs/detail/C%2B%2B-Developer-AAVALAR-Consulting-King-Of-Prussia-PA-19406/aavalar/6018?icid=sr6-1p&q=Computer science&l=Philadelphia, PA","https://www.dice.com/jobs/q-Computer_science-l-Philadelphia,_PA-radius-30-jobs.html",C++ Developer
"https://www.dice.com/jobs/detail/Fulltime-Data-Scientist-in-PA-SANS-Consulting-Services%2C-Inc-Blue-Bell-PA-19422/sanny001/AC29212?icid=sr7-1p&q=Computer science&l=Philadelphia, PA","https://www.dice.com/jobs/q-Computer_science-l-Philadelphia,_PA-radius-30-jobs.html",Fulltime Data Scientist in PA
"https://www.dice.com/jobs/detail/Healthcare-Tech-Company-Seeks-Business-Analyst%26%2347Project-Coordinator-PatientStar-LLC-Moorestown-NJ-08057/RTX18ffba/281096?icid=sr8-1p&q=Computer science&l=Philadelphia, PA","https://www.dice.com/jobs/q-Computer_science-l-Philadelphia,_PA-radius-30-jobs.html",Healthcare Tech Company Seeks Business Analyst/Project Coordinator
"https://www.dice.com/jobs/detail/Manager-%26%2345-Advanced-Analytics-Enablement-Data-Science-Deloitte-Philadelphia-PA-19019/10106525/20820012000006192?icid=sr9-1p&q=Computer science&l=Philadelphia, PA","https://www.dice.com/jobs/q-Computer_science-l-Philadelphia,_PA-radius-30-jobs.html",Manager - Advanced Analytics Enablement Data Science
"https://www.dice.com/jobs/detail/SQL-Computer-Programmer-firstPRO%2C-Inc.-Conshohocken-PA-19428/FIRSTPROb/307121?icid=sr10-1p&q=Computer science&l=Philadelphia, PA","https://www.dice.com/jobs/q-Computer_science-l-Philadelphia,_PA-radius-30-jobs.html",SQL Computer Programmer
"https://www.dice.com/jobs/detail/Computer-Systems-Analyst-GoWork-Solutions-Ltd-Princeton-NJ-08540/90887873/295432?icid=sr11-1p&q=Computer science&l=Philadelphia, PA","https://www.dice.com/jobs/q-Computer_science-l-Philadelphia,_PA-radius-30-jobs.html",Computer Systems Analyst
"https://www.dice.com/jobs/detail/Computer-Systems-Validation-The-Judge-Group-Pennington-NJ-08534/cxjudgpa/472173?icid=sr13-1p&q=Computer science&l=Philadelphia, PA","https://www.dice.com/jobs/q-Computer_science-l-Philadelphia,_PA-radius-30-jobs.html",Computer Systems Validation
"https://www.dice.com/jobs/detail/Computer-System-Validation-Specialist%26%2347Engineer-Sunrise-Systems%2C-Inc.-Fort-Washington-PA-19034/sunrise/15-13381?icid=sr14-1p&q=Computer science&l=Philadelphia, PA","https://www.dice.com/jobs/q-Computer_science-l-Philadelphia,_PA-radius-30-jobs.html",Computer System Validation Specialist/Engineer
"https://www.dice.com/jobs/detail/Project-Manage%3A-IT-Infrastructure-Build-Out-Longford-%26-Company-Chesterbrook-PA-19087/10491276/301127?icid=sr15-1p&q=Computer science&l=Philadelphia, PA","https://www.dice.com/jobs/q-Computer_science-l-Philadelphia,_PA-radius-30-jobs.html",Project Manage: IT Infrastructure Build Out
"https://www.dice.com/jobs/detail/Vitro-Scientist-NetSource%2C-Inc.-Spring-House-PA-19477/NETSO/7927?icid=sr16-1p&q=Computer science&l=Philadelphia, PA","https://www.dice.com/jobs/q-Computer_science-l-Philadelphia,_PA-radius-30-jobs.html",Vitro Scientist
"https://www.dice.com/jobs/detail/Java-Developer%26%2345-Oracle-PLSQl%2C-SQL%2C-Agile%2C-Spring%2C-Medical-CyberCoders-Philadelphia-PA-19019/cybercod/RH1-12477463?icid=sr17-1p&q=Computer science&l=Philadelphia, PA","https://www.dice.com/jobs/q-Computer_science-l-Philadelphia,_PA-radius-30-jobs.html","Java Developer- Oracle PLSQl, SQL, Agile, Spring, Medical"
"https://www.dice.com/jobs/detail/CTO-%26%2345-World%26%2345Class-Advertising-Technology%21-CyberCoders-Jenkintown-PA-19046/cybercod/MC3-12495571?icid=sr18-1p&q=Computer science&l=Philadelphia, PA","https://www.dice.com/jobs/q-Computer_science-l-Philadelphia,_PA-radius-30-jobs.html",CTO - World-Class Advertising Technology!
"https://www.dice.com/jobs/detail/SharePoint-2013-Developer-Kforce-Inc.-Philadelphia-PA-19053/kforcecx/ITAQG1483392?icid=sr19-1p&q=Computer science&l=Philadelphia, PA","https://www.dice.com/jobs/q-Computer_science-l-Philadelphia,_PA-radius-30-jobs.html",SharePoint 2013 Developer
"https://www.dice.com/jobs/detail/IT-Auditor-Kforce-Inc.-Princeton-NJ-08540/kforcecx/ITAQG1481533?icid=sr21-1p&q=Computer science&l=Philadelphia, PA","https://www.dice.com/jobs/q-Computer_science-l-Philadelphia,_PA-radius-30-jobs.html",IT Auditor
"https://www.dice.com/jobs/detail/Senior.Net-Developer-Kforce-Inc.-Radnor-PA-19087/kforcecx/ITAQG1397313?icid=sr22-1p&q=Computer science&l=Philadelphia, PA","https://www.dice.com/jobs/q-Computer_science-l-Philadelphia,_PA-radius-30-jobs.html",Senior.Net Developer
"https://www.dice.com/jobs/detail/Database-Administrator-Pomeroy-IT-Solutions-Ardmore-PA-19003/10307848/217651?icid=sr1-1p&q=Computer science&l=Philadelphia, PA","https://www.dice.com/jobs/q-Computer_science-l-Philadelphia,_PA-djt-Database_Administrator-radius-30-jobs.html",Database Administrator
"https://www.dice.com/jobs/detail/Senior-C%23-Developer-Kforce-Inc.-Horsham-PA-19044/kforcecx/ITAQG1450843?icid=sr23-1p&q=Computer science&l=Philadelphia, PA","https://www.dice.com/jobs/q-Computer_science-l-Philadelphia,_PA-radius-30-jobs.html",Senior C# Developer
"https://www.dice.com/jobs/detail/Software-Support-Specialist-Synametrics-Technologies-Plainsboro-NJ-08536/RTX16c40b/294608?icid=sr26-1p&q=Computer science&l=Philadelphia, PA","https://www.dice.com/jobs/q-Computer_science-l-Philadelphia,_PA-radius-30-jobs.html",Software Support Specialist
"https://www.dice.com/jobs/detail/CURRENT-AND-RECENT-IT%26%2347COMPUTER-SCIENCE-GRADUATES-NJM-Insurance-Group-West-Trenton-NJ-08628/RTL64571/312124?icid=sr1-1p&q=Computer science&l=Horsham, PA","https://www.dice.com/jobs/q-Computer_science-l-Horsham,_PA-radius-30-jobs.html",CURRENT AND RECENT IT/COMPUTER SCIENCE GRADUATES
"https://www.dice.com/jobs/detail/Database-Administrator-Robert-Half-Technology-Moorestown-NJ-08057/rhalfint/02760-124260?icid=sr3-1p&q=Computer science&l=Philadelphia, PA","https://www.dice.com/jobs/q-Computer_science-l-Philadelphia,_PA-djt-Database_Administrator-radius-30-jobs.html",Database Administrator
"https://www.dice.com/jobs/detail/Database-Administrator-Pomeroy-IT-Solutions-Ardmore-PA-19003/10307848/217651?icid=sr1-1p&q=Computer science&l=Philadelphia, PA","https://www.dice.com/jobs/q-Computer_science-l-Philadelphia,_PA-djt-Database_Administrator-radius-30-jobs.html",
"https://www.dice.com/jobs/detail/Database-Administrator-Robert-Half-Technology-Moorestown-NJ-08057/rhalfint/02760-124260?icid=sr3-1p&q=Computer science&l=Philadelphia, PA","https://www.dice.com/jobs/q-Computer_science-l-Philadelphia,_PA-djt-Database_Administrator-radius-30-jobs.html",
"https://www.dice.com/jobs/detail/Business-Analyst-Kforce-Inc.-Fort-Washington-PA-19034/kforcecx/ITAQG1484080?icid=sr27-1p&q=Computer science&l=Philadelphia, PA","https://www.dice.com/jobs/q-Computer_science-l-Philadelphia,_PA-radius-30-jobs.html",Business Analyst
"https://www.dice.com/jobs/detail/Product-Specialist-3-Ciber-Hamilton-NJ-08690/10122753/84655?icid=sr30-1p&q=Computer science&l=Philadelphia, PA","https://www.dice.com/jobs/q-Computer_science-l-Philadelphia,_PA-radius-30-jobs.html",Product Specialist 3
"https://www.dice.com/jobs/detail/CURRENT-AND-RECENT-IT%26%2347COMPUTER-SCIENCE-GRADUATES-NJM-Insurance-Group-West-Trenton-NJ-08628/RTL64571/312124?icid=sr1-1p&q=Computer science&l=Philadelphia, PA","https://www.dice.com/jobs/q-Computer_science-l-Philadelphia,_PA-radius-30-jobs.html",
"https://www.dice.com/jobs/detail/Sr.-Desktop-Engineer-Dechert-LLP-Philadelphia-PA-19104/10232221/wspos290931?icid=sr2-1p&q=Computer science&l=Horsham, PA","https://www.dice.com/jobs/q-Computer_science-l-Horsham,_PA-radius-30-jobs.html",Sr. Desktop Engineer
"https://www.dice.com/jobs/detail/Systems-Consultant%2C-Vice-President-State-Street-Princeton-NJ-08540/RTX149071/125409?icid=sr3-1p&q=Computer science&l=Horsham, PA","https://www.dice.com/jobs/q-Computer_science-l-Horsham,_PA-radius-30-jobs.html","Systems Consultant, Vice President"
"https://www.dice.com/jobs/detail/Implementation-Developer-AAVALAR-Consulting-King-Of-Prussia-PA-19406/aavalar/5983?icid=sr4-1p&q=Computer science&l=Horsham, PA","https://www.dice.com/jobs/q-Computer_science-l-Horsham,_PA-radius-30-jobs.html",Implementation Developer
"https://www.dice.com/jobs/detail/Sr.-Desktop-Engineer-Dechert-LLP-Philadelphia-PA-19104/10232221/wspos290931?icid=sr2-1p&q=Computer science&l=Philadelphia, PA","https://www.dice.com/jobs/q-Computer_science-l-Philadelphia,_PA-radius-30-jobs.html",
"https://www.dice.com/jobs/detail/Systems-Consultant%2C-Vice-President-State-Street-Princeton-NJ-08540/RTX149071/125409?icid=sr3-1p&q=Computer science&l=Philadelphia, PA","https://www.dice.com/jobs/q-Computer_science-l-Philadelphia,_PA-radius-30-jobs.html",
"https://www.dice.com/jobs/detail/Infrastructure-Engineer-Specialist-ADPI%2C-LLC..-Philadelphia-PA-19192/silent/CC4429394?icid=sr5-1p&q=Computer science&l=Horsham, PA","https://www.dice.com/jobs/q-Computer_science-l-Horsham,_PA-radius-30-jobs.html",Infrastructure Engineer Specialist
"https://www.dice.com/jobs/detail/C%2B%2B-Developer-AAVALAR-Consulting-King-Of-Prussia-PA-19406/aavalar/6018?icid=sr6-1p&q=Computer science&l=Horsham, PA","https://www.dice.com/jobs/q-Computer_science-l-Horsham,_PA-radius-30-jobs.html",C++ Developer
"https://www.dice.com/jobs/detail/Fulltime-Data-Scientist-in-PA-SANS-Consulting-Services%2C-Inc-Blue-Bell-PA-19422/sanny001/AC29212?icid=sr7-1p&q=Computer science&l=Horsham, PA","https://www.dice.com/jobs/q-Computer_science-l-Horsham,_PA-radius-30-jobs.html",Fulltime Data Scientist in PA
"https://www.dice.com/jobs/detail/CURRENT-AND-RECENT-IT%26%2347COMPUTER-SCIENCE-GRADUATES-NJM-Insurance-Group-West-Trenton-NJ-08628/RTL64571/312124?icid=sr1-1p&q=Computer science&l=Mount Laurel, NJ","https://www.dice.com/jobs/q-Computer_science-l-Mount_Laurel,_NJ-radius-30-jobs.html",CURRENT AND RECENT IT/COMPUTER SCIENCE GRADUATES
"https://www.dice.com/jobs/detail/Sr.-Desktop-Engineer-Dechert-LLP-Philadelphia-PA-19104/10232221/wspos290931?icid=sr1-1p&q=Computer science&l=Malvern, PA","https://www.dice.com/jobs/q-Computer_science-l-Malvern,_PA-radius-30-jobs.html",Sr. Desktop Engineer
"https://www.dice.com/jobs/detail/Implementation-Developer-AAVALAR-Consulting-King-Of-Prussia-PA-19406/aavalar/5983?icid=sr4-1p&q=Computer science&l=Philadelphia, PA","https://www.dice.com/jobs/q-Computer_science-l-Philadelphia,_PA-radius-30-jobs.html",
"https://www.dice.com/jobs/detail/Infrastructure-Engineer-Specialist-ADPI%2C-LLC..-Philadelphia-PA-19192/silent/CC4429394?icid=sr5-1p&q=Computer science&l=Philadelphia, PA","https://www.dice.com/jobs/q-Computer_science-l-Philadelphia,_PA-radius-30-jobs.html",
"https://www.dice.com/jobs/detail/C%2B%2B-Developer-AAVALAR-Consulting-King-Of-Prussia-PA-19406/aavalar/6018?icid=sr6-1p&q=Computer science&l=Philadelphia, PA","https://www.dice.com/jobs/q-Computer_science-l-Philadelphia,_PA-radius-30-jobs.html",
"https://www.dice.com/jobs/detail/Healthcare-Tech-Company-Seeks-Business-Analyst%26%2347Project-Coordinator-PatientStar-LLC-Moorestown-NJ-08057/RTX18ffba/281096?icid=sr8-1p&q=Computer science&l=Horsham, PA","https://www.dice.com/jobs/q-Computer_science-l-Horsham,_PA-radius-30-jobs.html",Healthcare Tech Company Seeks Business Analyst/Project Coordinator
"https://www.dice.com/jobs/detail/Manager-%26%2345-Advanced-Analytics-Enablement-Data-Science-Deloitte-Philadelphia-PA-19019/10106525/20820012000006192?icid=sr9-1p&q=Computer science&l=Horsham, PA","https://www.dice.com/jobs/q-Computer_science-l-Horsham,_PA-radius-30-jobs.html",Manager - Advanced Analytics Enablement Data Science
"https://www.dice.com/jobs/detail/SQL-Computer-Programmer-firstPRO%2C-Inc.-Conshohocken-PA-19428/FIRSTPROb/307121?icid=sr11-1p&q=Computer science&l=Horsham, PA","https://www.dice.com/jobs/q-Computer_science-l-Horsham,_PA-radius-30-jobs.html",SQL Computer Programmer
"https://www.dice.com/jobs/detail/Sr.-Desktop-Engineer-Dechert-LLP-Philadelphia-PA-19104/10232221/wspos290931?icid=sr2-1p&q=Computer science&l=Mount Laurel, NJ","https://www.dice.com/jobs/q-Computer_science-l-Mount_Laurel,_NJ-radius-30-jobs.html",Sr. Desktop Engineer
"https://www.dice.com/jobs/detail/Implementation-Developer-AAVALAR-Consulting-King-Of-Prussia-PA-19406/aavalar/5983?icid=sr3-1p&q=Computer science&l=Mount Laurel, NJ","https://www.dice.com/jobs/q-Computer_science-l-Mount_Laurel,_NJ-radius-30-jobs.html",Implementation Developer
"https://www.dice.com/jobs/detail/Infrastructure-Engineer-Specialist-ADPI%2C-LLC..-Philadelphia-PA-19192/silent/CC4429394?icid=sr4-1p&q=Computer science&l=Mount Laurel, NJ","https://www.dice.com/jobs/q-Computer_science-l-Mount_Laurel,_NJ-radius-30-jobs.html",Infrastructure Engineer Specialist
"https://www.dice.com/jobs/detail/Implementation-Developer-AAVALAR-Consulting-King-Of-Prussia-PA-19406/aavalar/5983?icid=sr2-1p&q=Computer science&l=Malvern, PA","https://www.dice.com/jobs/q-Computer_science-l-Malvern,_PA-radius-30-jobs.html",Implementation Developer
"https://www.dice.com/jobs/detail/Infrastructure-Engineer-Specialist-ADPI%2C-LLC..-Philadelphia-PA-19192/silent/CC4429394?icid=sr3-1p&q=Computer science&l=Malvern, PA","https://www.dice.com/jobs/q-Computer_science-l-Malvern,_PA-radius-30-jobs.html",Infrastructure Engineer Specialist
"https://www.dice.com/jobs/detail/C%2B%2B-Developer-AAVALAR-Consulting-King-Of-Prussia-PA-19406/aavalar/6018?icid=sr4-1p&q=Computer science&l=Malvern, PA","https://www.dice.com/jobs/q-Computer_science-l-Malvern,_PA-radius-30-jobs.html",C++ Developer
"https://www.dice.com/jobs/detail/Fulltime-Data-Scientist-in-PA-SANS-Consulting-Services%2C-Inc-Blue-Bell-PA-19422/sanny001/AC29212?icid=sr7-1p&q=Computer science&l=Philadelphia, PA","https://www.dice.com/jobs/q-Computer_science-l-Philadelphia,_PA-radius-30-jobs.html",
"https://www.dice.com/jobs/detail/Healthcare-Tech-Company-Seeks-Business-Analyst%26%2347Project-Coordinator-PatientStar-LLC-Moorestown-NJ-08057/RTX18ffba/281096?icid=sr8-1p&q=Computer science&l=Philadelphia, PA","https://www.dice.com/jobs/q-Computer_science-l-Philadelphia,_PA-radius-30-jobs.html",
"https://www.dice.com/jobs/detail/Manager-%26%2345-Advanced-Analytics-Enablement-Data-Science-Deloitte-Philadelphia-PA-19019/10106525/20820012000006192?icid=sr9-1p&q=Computer science&l=Philadelphia, PA","https://www.dice.com/jobs/q-Computer_science-l-Philadelphia,_PA-radius-30-jobs.html",
"https://www.dice.com/jobs/detail/Computer-Systems-Analyst-GoWork-Solutions-Ltd-Princeton-NJ-08540/90887873/295432?icid=sr12-1p&q=Computer science&l=Horsham, PA","https://www.dice.com/jobs/q-Computer_science-l-Horsham,_PA-radius-30-jobs.html",Computer Systems Analyst
"https://www.dice.com/jobs/detail/Computer-Systems-Validation-The-Judge-Group-Pennington-NJ-08534/cxjudgpa/472173?icid=sr13-1p&q=Computer science&l=Horsham, PA","https://www.dice.com/jobs/q-Computer_science-l-Horsham,_PA-radius-30-jobs.html",Computer Systems Validation
"https://www.dice.com/jobs/detail/C%2B%2B-Developer-AAVALAR-Consulting-King-Of-Prussia-PA-19406/aavalar/6018?icid=sr5-1p&q=Computer science&l=Mount Laurel, NJ","https://www.dice.com/jobs/q-Computer_science-l-Mount_Laurel,_NJ-radius-30-jobs.html",C++ Developer
"https://www.dice.com/jobs/detail/Fulltime-Data-Scientist-in-PA-SANS-Consulting-Services%2C-Inc-Blue-Bell-PA-19422/sanny001/AC29212?icid=sr6-1p&q=Computer science&l=Mount Laurel, NJ","https://www.dice.com/jobs/q-Computer_science-l-Mount_Laurel,_NJ-radius-30-jobs.html",Fulltime Data Scientist in PA
"https://www.dice.com/jobs/detail/Fulltime-Data-Scientist-in-PA-SANS-Consulting-Services%2C-Inc-Blue-Bell-PA-19422/sanny001/AC29212?icid=sr5-1p&q=Computer science&l=Malvern, PA","https://www.dice.com/jobs/q-Computer_science-l-Malvern,_PA-radius-30-jobs.html",Fulltime Data Scientist in PA
"https://www.dice.com/jobs/detail/SQL-Computer-Programmer-firstPRO%2C-Inc.-Conshohocken-PA-19428/FIRSTPROb/307121?icid=sr10-1p&q=Computer science&l=Philadelphia, PA","https://www.dice.com/jobs/q-Computer_science-l-Philadelphia,_PA-radius-30-jobs.html",
"https://www.dice.com/jobs/detail/Computer-Systems-Analyst-GoWork-Solutions-Ltd-Princeton-NJ-08540/90887873/295432?icid=sr11-1p&q=Computer science&l=Philadelphia, PA","https://www.dice.com/jobs/q-Computer_science-l-Philadelphia,_PA-radius-30-jobs.html",
"https://www.dice.com/jobs/detail/Computer-System-Validation-Specialist%26%2347Engineer-Sunrise-Systems%2C-Inc.-Fort-Washington-PA-19034/sunrise/15-13381?icid=sr14-1p&q=Computer science&l=Horsham, PA","https://www.dice.com/jobs/q-Computer_science-l-Horsham,_PA-radius-30-jobs.html",Computer System Validation Specialist/Engineer
"https://www.dice.com/jobs/detail/Project-Manage%3A-IT-Infrastructure-Build-Out-Longford-%26-Company-Chesterbrook-PA-19087/10491276/301127?icid=sr15-1p&q=Computer science&l=Horsham, PA","https://www.dice.com/jobs/q-Computer_science-l-Horsham,_PA-radius-30-jobs.html",Project Manage: IT Infrastructure Build Out
"https://www.dice.com/jobs/detail/Vitro-Scientist-NetSource%2C-Inc.-Spring-House-PA-19477/NETSO/7927?icid=sr16-1p&q=Computer science&l=Horsham, PA","https://www.dice.com/jobs/q-Computer_science-l-Horsham,_PA-radius-30-jobs.html",Vitro Scientist
"https://www.dice.com/jobs/detail/Healthcare-Tech-Company-Seeks-Business-Analyst%26%2347Project-Coordinator-PatientStar-LLC-Moorestown-NJ-08057/RTX18ffba/281096?icid=sr7-1p&q=Computer science&l=Mount Laurel, NJ","https://www.dice.com/jobs/q-Computer_science-l-Mount_Laurel,_NJ-radius-30-jobs.html",Healthcare Tech Company Seeks Business Analyst/Project Coordinator
"https://www.dice.com/jobs/detail/Manager-%26%2345-Advanced-Analytics-Enablement-Data-Science-Deloitte-Philadelphia-PA-19019/10106525/20820012000006192?icid=sr8-1p&q=Computer science&l=Mount Laurel, NJ","https://www.dice.com/jobs/q-Computer_science-l-Mount_Laurel,_NJ-radius-30-jobs.html",Manager - Advanced Analytics Enablement Data Science
"https://www.dice.com/jobs/detail/SQL-Computer-Programmer-firstPRO%2C-Inc.-Conshohocken-PA-19428/FIRSTPROb/307121?icid=sr10-1p&q=Computer science&l=Mount Laurel, NJ","https://www.dice.com/jobs/q-Computer_science-l-Mount_Laurel,_NJ-radius-30-jobs.html",SQL Computer Programmer
"https://www.dice.com/jobs/detail/Healthcare-Tech-Company-Seeks-Business-Analyst%26%2347Project-Coordinator-PatientStar-LLC-Moorestown-NJ-08057/RTX18ffba/281096?icid=sr6-1p&q=Computer science&l=Malvern, PA","https://www.dice.com/jobs/q-Computer_science-l-Malvern,_PA-radius-30-jobs.html",Healthcare Tech Company Seeks Business Analyst/Project Coordinator
"https://www.dice.com/jobs/detail/Manager-%26%2345-Advanced-Analytics-Enablement-Data-Science-Deloitte-Philadelphia-PA-19019/10106525/20820012000006192?icid=sr7-1p&q=Computer science&l=Malvern, PA","https://www.dice.com/jobs/q-Computer_science-l-Malvern,_PA-radius-30-jobs.html",Manager - Advanced Analytics Enablement Data Science
"https://www.dice.com/jobs/detail/SQL-Computer-Programmer-firstPRO%2C-Inc.-Conshohocken-PA-19428/FIRSTPROb/307121?icid=sr9-1p&q=Computer science&l=Malvern, PA","https://www.dice.com/jobs/q-Computer_science-l-Malvern,_PA-radius-30-jobs.html",SQL Computer Programmer
"https://www.dice.com/jobs/detail/Computer-Systems-Validation-The-Judge-Group-Pennington-NJ-08534/cxjudgpa/472173?icid=sr13-1p&q=Computer science&l=Philadelphia, PA","https://www.dice.com/jobs/q-Computer_science-l-Philadelphia,_PA-radius-30-jobs.html",
"https://www.dice.com/jobs/detail/Computer-System-Validation-Specialist%26%2347Engineer-Sunrise-Systems%2C-Inc.-Fort-Washington-PA-19034/sunrise/15-13381?icid=sr14-1p&q=Computer science&l=Philadelphia, PA","https://www.dice.com/jobs/q-Computer_science-l-Philadelphia,_PA-radius-30-jobs.html",
"https://www.dice.com/jobs/detail/Project-Manage%3A-IT-Infrastructure-Build-Out-Longford-%26-Company-Chesterbrook-PA-19087/10491276/301127?icid=sr15-1p&q=Computer science&l=Philadelphia, PA","https://www.dice.com/jobs/q-Computer_science-l-Philadelphia,_PA-radius-30-jobs.html",
"https://www.dice.com/jobs/detail/Java-Developer%26%2345-Oracle-PLSQl%2C-SQL%2C-Agile%2C-Spring%2C-Medical-CyberCoders-Philadelphia-PA-19019/cybercod/RH1-12477463?icid=sr17-1p&q=Computer science&l=Horsham, PA","https://www.dice.com/jobs/q-Computer_science-l-Horsham,_PA-radius-30-jobs.html","Java Developer- Oracle PLSQl, SQL, Agile, Spring, Medical"
"https://www.dice.com/jobs/detail/CTO-%26%2345-World%26%2345Class-Advertising-Technology%21-CyberCoders-Jenkintown-PA-19046/cybercod/MC3-12495571?icid=sr18-1p&q=Computer science&l=Horsham, PA","https://www.dice.com/jobs/q-Computer_science-l-Horsham,_PA-radius-30-jobs.html",CTO - World-Class Advertising Technology!
"https://www.dice.com/jobs/detail/Computer-Systems-Validation-The-Judge-Group-Pennington-NJ-08534/cxjudgpa/472173?icid=sr11-1p&q=Computer science&l=Mount Laurel, NJ","https://www.dice.com/jobs/q-Computer_science-l-Mount_Laurel,_NJ-radius-30-jobs.html",Computer Systems Validation
"https://www.dice.com/jobs/detail/Computer-System-Validation-Specialist%26%2347Engineer-Sunrise-Systems%2C-Inc.-Fort-Washington-PA-19034/sunrise/15-13381?icid=sr12-1p&q=Computer science&l=Mount Laurel, NJ","https://www.dice.com/jobs/q-Computer_science-l-Mount_Laurel,_NJ-radius-30-jobs.html",Computer System Validation Specialist/Engineer
"https://www.dice.com/jobs/detail/Project-Manage%3A-IT-Infrastructure-Build-Out-Longford-%26-Company-Chesterbrook-PA-19087/10491276/301127?icid=sr13-1p&q=Computer science&l=Mount Laurel, NJ","https://www.dice.com/jobs/q-Computer_science-l-Mount_Laurel,_NJ-radius-30-jobs.html",Project Manage: IT Infrastructure Build Out
"https://www.dice.com/jobs/detail/Computer-Operator-%26%2345-Unix%2C-Linux%2C-HP%26%2345UX%2C-AIX-Computer-Enterprises%2C-Inc.-Wilmington-DE-19801/ceiam/JRMJO031246?icid=sr10-1p&q=Computer science&l=Malvern, PA","https://www.dice.com/jobs/q-Computer_science-l-Malvern,_PA-radius-30-jobs.html","Computer Operator - Unix, Linux, HP-UX, AIX"
"https://www.dice.com/jobs/detail/Computer-System-Validation-Specialist%26%2347Engineer-Sunrise-Systems%2C-Inc.-Fort-Washington-PA-19034/sunrise/15-13381?icid=sr11-1p&q=Computer science&l=Malvern, PA","https://www.dice.com/jobs/q-Computer_science-l-Malvern,_PA-radius-30-jobs.html",Computer System Validation Specialist/Engineer
"https://www.dice.com/jobs/detail/Project-Manage%3A-IT-Infrastructure-Build-Out-Longford-%26-Company-Chesterbrook-PA-19087/10491276/301127?icid=sr12-1p&q=Computer science&l=Malvern, PA","https://www.dice.com/jobs/q-Computer_science-l-Malvern,_PA-radius-30-jobs.html",Project Manage: IT Infrastructure Build Out
"https://www.dice.com/jobs/detail/Vitro-Scientist-NetSource%2C-Inc.-Spring-House-PA-19477/NETSO/7927?icid=sr16-1p&q=Computer science&l=Philadelphia, PA","https://www.dice.com/jobs/q-Computer_science-l-Philadelphia,_PA-radius-30-jobs.html",
"https://www.dice.com/jobs/detail/Java-Developer%26%2345-Oracle-PLSQl%2C-SQL%2C-Agile%2C-Spring%2C-Medical-CyberCoders-Philadelphia-PA-19019/cybercod/RH1-12477463?icid=sr17-1p&q=Computer science&l=Philadelphia, PA","https://www.dice.com/jobs/q-Computer_science-l-Philadelphia,_PA-radius-30-jobs.html",
"https://www.dice.com/jobs/detail/CTO-%26%2345-World%26%2345Class-Advertising-Technology%21-CyberCoders-Jenkintown-PA-19046/cybercod/MC3-12495571?icid=sr18-1p&q=Computer science&l=Philadelphia, PA","https://www.dice.com/jobs/q-Computer_science-l-Philadelphia,_PA-radius-30-jobs.html",
"https://www.dice.com/jobs/detail/SharePoint-2013-Developer-Kforce-Inc.-Philadelphia-PA-19053/kforcecx/ITAQG1483392?icid=sr19-1p&q=Computer science&l=Horsham, PA","https://www.dice.com/jobs/q-Computer_science-l-Horsham,_PA-radius-30-jobs.html",SharePoint 2013 Developer
"https://www.dice.com/jobs/detail/IT-Auditor-Kforce-Inc.-Princeton-NJ-08540/kforcecx/ITAQG1481533?icid=sr21-1p&q=Computer science&l=Horsham, PA","https://www.dice.com/jobs/q-Computer_science-l-Horsham,_PA-radius-30-jobs.html",IT Auditor
"https://www.dice.com/jobs/detail/Senior.Net-Developer-Kforce-Inc.-Radnor-PA-19087/kforcecx/ITAQG1397313?icid=sr22-1p&q=Computer science&l=Horsham, PA","https://www.dice.com/jobs/q-Computer_science-l-Horsham,_PA-radius-30-jobs.html",Senior.Net Developer
"https://www.dice.com/jobs/detail/Vitro-Scientist-NetSource%2C-Inc.-Spring-House-PA-19477/NETSO/7927?icid=sr14-1p&q=Computer science&l=Mount Laurel, NJ","https://www.dice.com/jobs/q-Computer_science-l-Mount_Laurel,_NJ-radius-30-jobs.html",Vitro Scientist
"https://www.dice.com/jobs/detail/Java-Developer%26%2345-Oracle-PLSQl%2C-SQL%2C-Agile%2C-Spring%2C-Medical-CyberCoders-Philadelphia-PA-19019/cybercod/RH1-12477463?icid=sr15-1p&q=Computer science&l=Mount Laurel, NJ","https://www.dice.com/jobs/q-Computer_science-l-Mount_Laurel,_NJ-radius-30-jobs.html","Java Developer- Oracle PLSQl, SQL, Agile, Spring, Medical"
"https://www.dice.com/jobs/detail/Vitro-Scientist-NetSource%2C-Inc.-Spring-House-PA-19477/NETSO/7927?icid=sr13-1p&q=Computer science&l=Malvern, PA","https://www.dice.com/jobs/q-Computer_science-l-Malvern,_PA-radius-30-jobs.html",Vitro Scientist
"https://www.dice.com/jobs/detail/Java-Developer%26%2345-Oracle-PLSQl%2C-SQL%2C-Agile%2C-Spring%2C-Medical-CyberCoders-Philadelphia-PA-19019/cybercod/RH1-12477463?icid=sr14-1p&q=Computer science&l=Malvern, PA","https://www.dice.com/jobs/q-Computer_science-l-Malvern,_PA-radius-30-jobs.html","Java Developer- Oracle PLSQl, SQL, Agile, Spring, Medical"
"https://www.dice.com/jobs/detail/CTO-%26%2345-World%26%2345Class-Advertising-Technology%21-CyberCoders-Jenkintown-PA-19046/cybercod/MC3-12495571?icid=sr15-1p&q=Computer science&l=Malvern, PA","https://www.dice.com/jobs/q-Computer_science-l-Malvern,_PA-radius-30-jobs.html",CTO - World-Class Advertising Technology!
"https://www.dice.com/jobs/detail/SharePoint-2013-Developer-Kforce-Inc.-Philadelphia-PA-19053/kforcecx/ITAQG1483392?icid=sr19-1p&q=Computer science&l=Philadelphia, PA","https://www.dice.com/jobs/q-Computer_science-l-Philadelphia,_PA-radius-30-jobs.html",
"https://www.dice.com/jobs/detail/IT-Auditor-Kforce-Inc.-Princeton-NJ-08540/kforcecx/ITAQG1481533?icid=sr21-1p&q=Computer science&l=Philadelphia, PA","https://www.dice.com/jobs/q-Computer_science-l-Philadelphia,_PA-radius-30-jobs.html",
"https://www.dice.com/jobs/detail/Senior-C%23-Developer-Kforce-Inc.-Horsham-PA-19044/kforcecx/ITAQG1450843?icid=sr23-1p&q=Computer science&l=Horsham, PA","https://www.dice.com/jobs/q-Computer_science-l-Horsham,_PA-radius-30-jobs.html",Senior C# Developer
"https://www.dice.com/jobs/detail/Business-Analyst-Kforce-Inc.-Fort-Washington-PA-19034/kforcecx/ITAQG1484080?icid=sr26-1p&q=Computer science&l=Horsham, PA","https://www.dice.com/jobs/q-Computer_science-l-Horsham,_PA-radius-30-jobs.html",Business Analyst
"https://www.dice.com/jobs/detail/CTO-%26%2345-World%26%2345Class-Advertising-Technology%21-CyberCoders-Jenkintown-PA-19046/cybercod/MC3-12495571?icid=sr16-1p&q=Computer science&l=Mount Laurel, NJ","https://www.dice.com/jobs/q-Computer_science-l-Mount_Laurel,_NJ-radius-30-jobs.html",CTO - World-Class Advertising Technology!
"https://www.dice.com/jobs/detail/SharePoint-2013-Developer-Kforce-Inc.-Philadelphia-PA-19053/kforcecx/ITAQG1483392?icid=sr17-1p&q=Computer science&l=Mount Laurel, NJ","https://www.dice.com/jobs/q-Computer_science-l-Mount_Laurel,_NJ-radius-30-jobs.html",SharePoint 2013 Developer
"https://www.dice.com/jobs/detail/Senior.Net-Developer-Kforce-Inc.-Radnor-PA-19087/kforcecx/ITAQG1397313?icid=sr16-1p&q=Computer science&l=Malvern, PA","https://www.dice.com/jobs/q-Computer_science-l-Malvern,_PA-radius-30-jobs.html",Senior.Net Developer
"https://www.dice.com/jobs/detail/Senior-C%23-Developer-Kforce-Inc.-Horsham-PA-19044/kforcecx/ITAQG1450843?icid=sr17-1p&q=Computer science&l=Malvern, PA","https://www.dice.com/jobs/q-Computer_science-l-Malvern,_PA-radius-30-jobs.html",Senior C# Developer
"https://www.dice.com/jobs/detail/Business-Analyst-Kforce-Inc.-Fort-Washington-PA-19034/kforcecx/ITAQG1484080?icid=sr18-1p&q=Computer science&l=Malvern, PA","https://www.dice.com/jobs/q-Computer_science-l-Malvern,_PA-radius-30-jobs.html",Business Analyst
"https://www.dice.com/jobs/detail/Senior.Net-Developer-Kforce-Inc.-Radnor-PA-19087/kforcecx/ITAQG1397313?icid=sr22-1p&q=Computer science&l=Philadelphia, PA","https://www.dice.com/jobs/q-Computer_science-l-Philadelphia,_PA-radius-30-jobs.html",
"https://www.dice.com/jobs/detail/Senior-C%23-Developer-Kforce-Inc.-Horsham-PA-19044/kforcecx/ITAQG1450843?icid=sr23-1p&q=Computer science&l=Philadelphia, PA","https://www.dice.com/jobs/q-Computer_science-l-Philadelphia,_PA-radius-30-jobs.html",
"https://www.dice.com/jobs/detail/Product-Specialist-3-Ciber-Hamilton-NJ-08690/10122753/84655?icid=sr29-1p&q=Computer science&l=Horsham, PA","https://www.dice.com/jobs/q-Computer_science-l-Horsham,_PA-radius-30-jobs.html",Product Specialist 3
"https://www.dice.com/jobs/detail/Accounting-Applications-Support-Representative-Thoroughbred-Software-Intl.%2C-In.-Skillman-NJ-08558/RTX1a4f86/wspos316750?icid=sr30-1p&q=Computer science&l=Horsham, PA","https://www.dice.com/jobs/q-Computer_science-l-Horsham,_PA-radius-30-jobs.html",Accounting Applications Support Representative
"https://www.dice.com/jobs/detail/Senior.Net-Developer-Kforce-Inc.-Radnor-PA-19087/kforcecx/ITAQG1397313?icid=sr18-1p&q=Computer science&l=Mount Laurel, NJ","https://www.dice.com/jobs/q-Computer_science-l-Mount_Laurel,_NJ-radius-30-jobs.html",Senior.Net Developer
"https://www.dice.com/jobs/detail/Senior-C%23-Developer-Kforce-Inc.-Horsham-PA-19044/kforcecx/ITAQG1450843?icid=sr19-1p&q=Computer science&l=Mount Laurel, NJ","https://www.dice.com/jobs/q-Computer_science-l-Mount_Laurel,_NJ-radius-30-jobs.html",Senior C# Developer
"https://www.dice.com/jobs/detail/Business-Analyst-Kforce-Inc.-Fort-Washington-PA-19034/kforcecx/ITAQG1484080?icid=sr20-1p&q=Computer science&l=Mount Laurel, NJ","https://www.dice.com/jobs/q-Computer_science-l-Mount_Laurel,_NJ-radius-30-jobs.html",Business Analyst
"https://www.dice.com/jobs/detail/SAS-Developer-Kforce-Inc.-Wilmington-DE-19801/kforcecx/ITAQG1482218?icid=sr19-1p&q=Computer science&l=Malvern, PA","https://www.dice.com/jobs/q-Computer_science-l-Malvern,_PA-radius-30-jobs.html",SAS Developer
"https://www.dice.com/jobs/detail/Technology-Support-Specialist-Questeq-Perkasie-PA-18944/90884876/295557?icid=sr20-1p&q=Computer science&l=Malvern, PA","https://www.dice.com/jobs/q-Computer_science-l-Malvern,_PA-radius-30-jobs.html",Technology Support Specialist
"https://www.dice.com/jobs/detail/Junior%26%2345-Mid-Level-.Net-Developer-Kforce-Inc.-Philadelphia-PA-19019/kforcecx/ITAQG1483420?icid=sr21-1p&q=Computer science&l=Malvern, PA","https://www.dice.com/jobs/q-Computer_science-l-Malvern,_PA-radius-30-jobs.html",Junior- Mid Level .Net Developer
"https://www.dice.com/jobs/detail/Software-Support-Specialist-Synametrics-Technologies-Plainsboro-NJ-08536/RTX16c40b/294608?icid=sr26-1p&q=Computer science&l=Philadelphia, PA","https://www.dice.com/jobs/q-Computer_science-l-Philadelphia,_PA-radius-30-jobs.html",
"https://www.dice.com/jobs/detail/Business-Analyst-Kforce-Inc.-Fort-Washington-PA-19034/kforcecx/ITAQG1484080?icid=sr27-1p&q=Computer science&l=Philadelphia, PA","https://www.dice.com/jobs/q-Computer_science-l-Philadelphia,_PA-radius-30-jobs.html",
"https://www.dice.com/jobs/detail/Product-Specialist-3-Ciber-Hamilton-NJ-08690/10122753/84655?icid=sr30-1p&q=Computer science&l=Philadelphia, PA","https://www.dice.com/jobs/q-Computer_science-l-Philadelphia,_PA-radius-30-jobs.html",
"https://www.dice.com/jobs/detail/CURRENT-AND-RECENT-IT%26%2347COMPUTER-SCIENCE-GRADUATES-NJM-Insurance-Group-West-Trenton-NJ-08628/RTL64571/312124?icid=sr1-1p&q=Computer science&l=Horsham, PA","https://www.dice.com/jobs/q-Computer_science-l-Horsham,_PA-radius-30-jobs.html",
"https://www.dice.com/jobs/detail/Sr.-Desktop-Engineer-Dechert-LLP-Philadelphia-PA-19104/10232221/wspos290931?icid=sr2-1p&q=Computer science&l=Horsham, PA","https://www.dice.com/jobs/q-Computer_science-l-Horsham,_PA-radius-30-jobs.html",
"https://www.dice.com/jobs/detail/Systems-Consultant%2C-Vice-President-State-Street-Princeton-NJ-08540/RTX149071/125409?icid=sr3-1p&q=Computer science&l=Horsham, PA","https://www.dice.com/jobs/q-Computer_science-l-Horsham,_PA-radius-30-jobs.html",
"https://www.dice.com/jobs/detail/Product-Specialist-3-Ciber-Hamilton-NJ-08690/10122753/84655?icid=sr21-1p&q=Computer science&l=Mount Laurel, NJ","https://www.dice.com/jobs/q-Computer_science-l-Mount_Laurel,_NJ-radius-30-jobs.html",Product Specialist 3
"https://www.dice.com/jobs/detail/Junior%26%2345-Mid-Level-.Net-Developer-Kforce-Inc.-Philadelphia-PA-19019/kforcecx/ITAQG1483420?icid=sr22-1p&q=Computer science&l=Mount Laurel, NJ","https://www.dice.com/jobs/q-Computer_science-l-Mount_Laurel,_NJ-radius-30-jobs.html",Junior- Mid Level .Net Developer
"https://www.dice.com/jobs/detail/Perl-%26%2347-Python-%26%2347-Ruby-%26%2347-PHP-Developer-Kforce-Inc.-King-Of-Prussia-PA-19406/kforcecx/ITAQG1467696?icid=sr22-1p&q=Computer science&l=Malvern, PA","https://www.dice.com/jobs/q-Computer_science-l-Malvern,_PA-radius-30-jobs.html",Perl / Python / Ruby / PHP Developer
"https://www.dice.com/jobs/detail/Support-staff-for-telemedicine-group%2C-telecommuting-GSO-Consult-Wilmington-DE-19801/10285439/189438?icid=sr23-1p&q=Computer science&l=Malvern, PA","https://www.dice.com/jobs/q-Computer_science-l-Malvern,_PA-radius-30-jobs.html","Support staff for telemedicine group, telecommuting"
"https://www.dice.com/jobs/detail/Implementation-Developer-AAVALAR-Consulting-King-Of-Prussia-PA-19406/aavalar/5983?icid=sr4-1p&q=Computer science&l=Horsham, PA","https://www.dice.com/jobs/q-Computer_science-l-Horsham,_PA-radius-30-jobs.html",
"https://www.dice.com/jobs/detail/Infrastructure-Engineer-Specialist-ADPI%2C-LLC..-Philadelphia-PA-19192/silent/CC4429394?icid=sr5-1p&q=Computer science&l=Horsham, PA","https://www.dice.com/jobs/q-Computer_science-l-Horsham,_PA-radius-30-jobs.html",
"https://www.dice.com/jobs/detail/C%2B%2B-Developer-AAVALAR-Consulting-King-Of-Prussia-PA-19406/aavalar/6018?icid=sr6-1p&q=Computer science&l=Horsham, PA","https://www.dice.com/jobs/q-Computer_science-l-Horsham,_PA-radius-30-jobs.html",
"https://www.dice.com/jobs/detail/Product-Specialist-Kforce-Inc.-Hamilton-NJ-08601/kforcecx/ITAQG1483708?icid=sr23-1p&q=Computer science&l=Mount Laurel, NJ","https://www.dice.com/jobs/q-Computer_science-l-Mount_Laurel,_NJ-radius-30-jobs.html",Product Specialist
"https://www.dice.com/jobs/detail/Perl-%26%2347-Python-%26%2347-Ruby-%26%2347-PHP-Developer-Kforce-Inc.-King-Of-Prussia-PA-19406/kforcecx/ITAQG1467696?icid=sr24-1p&q=Computer science&l=Mount Laurel, NJ","https://www.dice.com/jobs/q-Computer_science-l-Mount_Laurel,_NJ-radius-30-jobs.html",Perl / Python / Ruby / PHP Developer
"https://www.dice.com/jobs/detail/Automation-QA-with-Mobile-Testing-Experience-Kforce-Inc.-Wilmington-DE-19801/kforcecx/ITAQG1458308?icid=sr24-1p&q=Computer science&l=Malvern, PA","https://www.dice.com/jobs/q-Computer_science-l-Malvern,_PA-radius-30-jobs.html",Automation QA with Mobile Testing Experience
"https://www.dice.com/jobs/detail/Java-Developer-with-.Net-Experience-Kforce-Inc.-Wilmington-DE-19801/kforcecx/ITAQG1451406?icid=sr25-1p&q=Computer science&l=Malvern, PA","https://www.dice.com/jobs/q-Computer_science-l-Malvern,_PA-radius-30-jobs.html",Java Developer with .Net Experience
"https://www.dice.com/jobs/detail/Senior-Testing-Specialist-Capital-One-%26%2345-US-Wilmington-DE-19801/10302956/790973?icid=sr26-1p&q=Computer science&l=Malvern, PA","https://www.dice.com/jobs/q-Computer_science-l-Malvern,_PA-radius-30-jobs.html",Senior Testing Specialist
"https://www.dice.com/jobs/detail/Fulltime-Data-Scientist-in-PA-SANS-Consulting-Services%2C-Inc-Blue-Bell-PA-19422/sanny001/AC29212?icid=sr7-1p&q=Computer science&l=Horsham, PA","https://www.dice.com/jobs/q-Computer_science-l-Horsham,_PA-radius-30-jobs.html",
"https://www.dice.com/jobs/detail/Healthcare-Tech-Company-Seeks-Business-Analyst%26%2347Project-Coordinator-PatientStar-LLC-Moorestown-NJ-08057/RTX18ffba/281096?icid=sr8-1p&q=Computer science&l=Horsham, PA","https://www.dice.com/jobs/q-Computer_science-l-Horsham,_PA-radius-30-jobs.html",
"https://www.dice.com/jobs/detail/Manager-%26%2345-Advanced-Analytics-Enablement-Data-Science-Deloitte-Philadelphia-PA-19019/10106525/20820012000006192?icid=sr9-1p&q=Computer science&l=Horsham, PA","https://www.dice.com/jobs/q-Computer_science-l-Horsham,_PA-radius-30-jobs.html",
"https://www.dice.com/jobs/detail/Web-Application-Developer-%283-Full%26%2345Time-Positions%29-Kforce-Inc.-Mount-Laurel-NJ-08054/kforcecx/ITAQG1444865?icid=sr25-1p&q=Computer science&l=Mount Laurel, NJ","https://www.dice.com/jobs/q-Computer_science-l-Mount_Laurel,_NJ-radius-30-jobs.html",Web Application Developer (3 Full-Time Positions)
"https://www.dice.com/jobs/detail/ERP%26%2347PeopleSoft-Application-Developer-The-College-of-New-Jersey-Ewing-NJ-08628/RTX16f9a7/14243?icid=sr27-1p&q=Computer science&l=Mount Laurel, NJ","https://www.dice.com/jobs/q-Computer_science-l-Mount_Laurel,_NJ-radius-30-jobs.html",ERP/PeopleSoft Application Developer
"https://www.dice.com/jobs/detail/Sr.-Software-Engineer-%26%2345-Front%26%2345End-SevOne-Inc-Philadelphia-PA-19110/RTX14f6d1/338146?icid=sr28-1p&q=Computer science&l=Mount Laurel, NJ","https://www.dice.com/jobs/q-Computer_science-l-Mount_Laurel,_NJ-radius-30-jobs.html",Sr. Software Engineer - Front-End
"https://www.dice.com/jobs/detail/Senior-Systems-Integrator-Capital-One-%26%2345-US-Wilmington-DE-19801/10302956/790121?icid=sr27-1p&q=Computer science&l=Malvern, PA","https://www.dice.com/jobs/q-Computer_science-l-Malvern,_PA-radius-30-jobs.html",Senior Systems Integrator
"https://www.dice.com/jobs/detail/Master-Software-Engineer-Capital-One-%26%2345-US-Wilmington-DE-19801/10302956/791184?icid=sr28-1p&q=Computer science&l=Malvern, PA","https://www.dice.com/jobs/q-Computer_science-l-Malvern,_PA-radius-30-jobs.html",Master Software Engineer
"https://www.dice.com/jobs/detail/Sr.-Software-Engineer-%26%2345-Front%26%2345End-SevOne-Inc-Philadelphia-PA-19110/RTX14f6d1/338146?icid=sr29-1p&q=Computer science&l=Malvern, PA","https://www.dice.com/jobs/q-Computer_science-l-Malvern,_PA-radius-30-jobs.html",Sr. Software Engineer - Front-End
"https://www.dice.com/jobs/detail/SQL-Computer-Programmer-firstPRO%2C-Inc.-Conshohocken-PA-19428/FIRSTPROb/307121?icid=sr11-1p&q=Computer science&l=Horsham, PA","https://www.dice.com/jobs/q-Computer_science-l-Horsham,_PA-radius-30-jobs.html",
"https://www.dice.com/jobs/detail/Computer-Systems-Analyst-GoWork-Solutions-Ltd-Princeton-NJ-08540/90887873/295432?icid=sr12-1p&q=Computer science&l=Horsham, PA","https://www.dice.com/jobs/q-Computer_science-l-Horsham,_PA-radius-30-jobs.html",
"https://www.dice.com/jobs/detail/Computer-Systems-Validation-The-Judge-Group-Pennington-NJ-08534/cxjudgpa/472173?icid=sr13-1p&q=Computer science&l=Horsham, PA","https://www.dice.com/jobs/q-Computer_science-l-Horsham,_PA-radius-30-jobs.html",
"https://www.dice.com/jobs/detail/Principal-Research-Engineer%2C-VIDEO-X-Comcast-Philadelphia-PA-19103/10185790/JP-162752336191331?icid=sr29-1p&q=Computer science&l=Mount Laurel, NJ","https://www.dice.com/jobs/q-Computer_science-l-Mount_Laurel,_NJ-radius-30-jobs.html","Principal Research Engineer, VIDEO X"
"https://www.dice.com/jobs/detail/Optimization%26%2347Algorithm-Expert-Quintiq-Inc-Radnor-PA-19087/RTX166730/508932?icid=sr30-1p&q=Computer science&l=Mount Laurel, NJ","https://www.dice.com/jobs/q-Computer_science-l-Mount_Laurel,_NJ-radius-30-jobs.html",Optimization/Algorithm Expert
"https://www.dice.com/jobs/detail/CURRENT-AND-RECENT-IT%26%2347COMPUTER-SCIENCE-GRADUATES-NJM-Insurance-Group-West-Trenton-NJ-08628/RTL64571/312124?icid=sr1-1p&q=Computer science&l=Mount Laurel, NJ","https://www.dice.com/jobs/q-Computer_science-l-Mount_Laurel,_NJ-radius-30-jobs.html",
"https://www.dice.com/jobs/detail/Sr.-Software-Engineer-%26%2345-Back-End-SevOne-Inc-Wilmington-DE-19808/RTX14f6d1/501065?icid=sr30-1p&q=Computer science&l=Malvern, PA","https://www.dice.com/jobs/q-Computer_science-l-Malvern,_PA-radius-30-jobs.html",Sr. Software Engineer - Back End
"https://www.dice.com/jobs/detail/Computer-System-Validation-Specialist%26%2347Engineer-Sunrise-Systems%2C-Inc.-Fort-Washington-PA-19034/sunrise/15-13381?icid=sr14-1p&q=Computer science&l=Horsham, PA","https://www.dice.com/jobs/q-Computer_science-l-Horsham,_PA-radius-30-jobs.html",
"https://www.dice.com/jobs/detail/Project-Manage%3A-IT-Infrastructure-Build-Out-Longford-%26-Company-Chesterbrook-PA-19087/10491276/301127?icid=sr15-1p&q=Computer science&l=Horsham, PA","https://www.dice.com/jobs/q-Computer_science-l-Horsham,_PA-radius-30-jobs.html",
"https://www.dice.com/jobs/detail/Vitro-Scientist-NetSource%2C-Inc.-Spring-House-PA-19477/NETSO/7927?icid=sr16-1p&q=Computer science&l=Horsham, PA","https://www.dice.com/jobs/q-Computer_science-l-Horsham,_PA-radius-30-jobs.html",
"https://www.dice.com/jobs/detail/Sr.-Desktop-Engineer-Dechert-LLP-Philadelphia-PA-19104/10232221/wspos290931?icid=sr2-1p&q=Computer science&l=Mount Laurel, NJ","https://www.dice.com/jobs/q-Computer_science-l-Mount_Laurel,_NJ-radius-30-jobs.html",
"https://www.dice.com/jobs/detail/Implementation-Developer-AAVALAR-Consulting-King-Of-Prussia-PA-19406/aavalar/5983?icid=sr3-1p&q=Computer science&l=Mount Laurel, NJ","https://www.dice.com/jobs/q-Computer_science-l-Mount_Laurel,_NJ-radius-30-jobs.html",
"https://www.dice.com/jobs/detail/Sr.-Desktop-Engineer-Dechert-LLP-Philadelphia-PA-19104/10232221/wspos290931?icid=sr1-1p&q=Computer science&l=Malvern, PA","https://www.dice.com/jobs/q-Computer_science-l-Malvern,_PA-radius-30-jobs.html",
"https://www.dice.com/jobs/detail/Implementation-Developer-AAVALAR-Consulting-King-Of-Prussia-PA-19406/aavalar/5983?icid=sr2-1p&q=Computer science&l=Malvern, PA","https://www.dice.com/jobs/q-Computer_science-l-Malvern,_PA-radius-30-jobs.html",
"https://www.dice.com/jobs/detail/Java-Developer%26%2345-Oracle-PLSQl%2C-SQL%2C-Agile%2C-Spring%2C-Medical-CyberCoders-Philadelphia-PA-19019/cybercod/RH1-12477463?icid=sr17-1p&q=Computer science&l=Horsham, PA","https://www.dice.com/jobs/q-Computer_science-l-Horsham,_PA-radius-30-jobs.html",
"https://www.dice.com/jobs/detail/CTO-%26%2345-World%26%2345Class-Advertising-Technology%21-CyberCoders-Jenkintown-PA-19046/cybercod/MC3-12495571?icid=sr18-1p&q=Computer science&l=Horsham, PA","https://www.dice.com/jobs/q-Computer_science-l-Horsham,_PA-radius-30-jobs.html",
"https://www.dice.com/jobs/detail/SharePoint-2013-Developer-Kforce-Inc.-Philadelphia-PA-19053/kforcecx/ITAQG1483392?icid=sr19-1p&q=Computer science&l=Horsham, PA","https://www.dice.com/jobs/q-Computer_science-l-Horsham,_PA-radius-30-jobs.html",
"https://www.dice.com/jobs/detail/Infrastructure-Engineer-Specialist-ADPI%2C-LLC..-Philadelphia-PA-19192/silent/CC4429394?icid=sr4-1p&q=Computer science&l=Mount Laurel, NJ","https://www.dice.com/jobs/q-Computer_science-l-Mount_Laurel,_NJ-radius-30-jobs.html",
"https://www.dice.com/jobs/detail/C%2B%2B-Developer-AAVALAR-Consulting-King-Of-Prussia-PA-19406/aavalar/6018?icid=sr5-1p&q=Computer science&l=Mount Laurel, NJ","https://www.dice.com/jobs/q-Computer_science-l-Mount_Laurel,_NJ-radius-30-jobs.html",
"https://www.dice.com/jobs/detail/Fulltime-Data-Scientist-in-PA-SANS-Consulting-Services%2C-Inc-Blue-Bell-PA-19422/sanny001/AC29212?icid=sr6-1p&q=Computer science&l=Mount Laurel, NJ","https://www.dice.com/jobs/q-Computer_science-l-Mount_Laurel,_NJ-radius-30-jobs.html",
"https://www.dice.com/jobs/detail/Infrastructure-Engineer-Specialist-ADPI%2C-LLC..-Philadelphia-PA-19192/silent/CC4429394?icid=sr3-1p&q=Computer science&l=Malvern, PA","https://www.dice.com/jobs/q-Computer_science-l-Malvern,_PA-radius-30-jobs.html",
"https://www.dice.com/jobs/detail/C%2B%2B-Developer-AAVALAR-Consulting-King-Of-Prussia-PA-19406/aavalar/6018?icid=sr4-1p&q=Computer science&l=Malvern, PA","https://www.dice.com/jobs/q-Computer_science-l-Malvern,_PA-radius-30-jobs.html",
"https://www.dice.com/jobs/detail/IT-Auditor-Kforce-Inc.-Princeton-NJ-08540/kforcecx/ITAQG1481533?icid=sr21-1p&q=Computer science&l=Horsham, PA","https://www.dice.com/jobs/q-Computer_science-l-Horsham,_PA-radius-30-jobs.html",
"https://www.dice.com/jobs/detail/Senior.Net-Developer-Kforce-Inc.-Radnor-PA-19087/kforcecx/ITAQG1397313?icid=sr22-1p&q=Computer science&l=Horsham, PA","https://www.dice.com/jobs/q-Computer_science-l-Horsham,_PA-radius-30-jobs.html",
"https://www.dice.com/jobs/detail/Senior-C%23-Developer-Kforce-Inc.-Horsham-PA-19044/kforcecx/ITAQG1450843?icid=sr23-1p&q=Computer science&l=Horsham, PA","https://www.dice.com/jobs/q-Computer_science-l-Horsham,_PA-radius-30-jobs.html",
"https://www.dice.com/jobs/detail/Healthcare-Tech-Company-Seeks-Business-Analyst%26%2347Project-Coordinator-PatientStar-LLC-Moorestown-NJ-08057/RTX18ffba/281096?icid=sr7-1p&q=Computer science&l=Mount Laurel, NJ","https://www.dice.com/jobs/q-Computer_science-l-Mount_Laurel,_NJ-radius-30-jobs.html",
"https://www.dice.com/jobs/detail/Manager-%26%2345-Advanced-Analytics-Enablement-Data-Science-Deloitte-Philadelphia-PA-19019/10106525/20820012000006192?icid=sr8-1p&q=Computer science&l=Mount Laurel, NJ","https://www.dice.com/jobs/q-Computer_science-l-Mount_Laurel,_NJ-radius-30-jobs.html",
"https://www.dice.com/jobs/detail/SQL-Computer-Programmer-firstPRO%2C-Inc.-Conshohocken-PA-19428/FIRSTPROb/307121?icid=sr10-1p&q=Computer science&l=Mount Laurel, NJ","https://www.dice.com/jobs/q-Computer_science-l-Mount_Laurel,_NJ-radius-30-jobs.html",
"https://www.dice.com/jobs/detail/Fulltime-Data-Scientist-in-PA-SANS-Consulting-Services%2C-Inc-Blue-Bell-PA-19422/sanny001/AC29212?icid=sr5-1p&q=Computer science&l=Malvern, PA","https://www.dice.com/jobs/q-Computer_science-l-Malvern,_PA-radius-30-jobs.html",
"https://www.dice.com/jobs/detail/Healthcare-Tech-Company-Seeks-Business-Analyst%26%2347Project-Coordinator-PatientStar-LLC-Moorestown-NJ-08057/RTX18ffba/281096?icid=sr6-1p&q=Computer science&l=Malvern, PA","https://www.dice.com/jobs/q-Computer_science-l-Malvern,_PA-radius-30-jobs.html",
"https://www.dice.com/jobs/detail/Business-Analyst-Kforce-Inc.-Fort-Washington-PA-19034/kforcecx/ITAQG1484080?icid=sr26-1p&q=Computer science&l=Horsham, PA","https://www.dice.com/jobs/q-Computer_science-l-Horsham,_PA-radius-30-jobs.html",
"https://www.dice.com/jobs/detail/Product-Specialist-3-Ciber-Hamilton-NJ-08690/10122753/84655?icid=sr29-1p&q=Computer science&l=Horsham, PA","https://www.dice.com/jobs/q-Computer_science-l-Horsham,_PA-radius-30-jobs.html",
"https://www.dice.com/jobs/detail/Accounting-Applications-Support-Representative-Thoroughbred-Software-Intl.%2C-In.-Skillman-NJ-08558/RTX1a4f86/wspos316750?icid=sr30-1p&q=Computer science&l=Horsham, PA","https://www.dice.com/jobs/q-Computer_science-l-Horsham,_PA-radius-30-jobs.html",
"https://www.dice.com/jobs/detail/Computer-Systems-Validation-The-Judge-Group-Pennington-NJ-08534/cxjudgpa/472173?icid=sr11-1p&q=Computer science&l=Mount Laurel, NJ","https://www.dice.com/jobs/q-Computer_science-l-Mount_Laurel,_NJ-radius-30-jobs.html",
"https://www.dice.com/jobs/detail/Computer-System-Validation-Specialist%26%2347Engineer-Sunrise-Systems%2C-Inc.-Fort-Washington-PA-19034/sunrise/15-13381?icid=sr12-1p&q=Computer science&l=Mount Laurel, NJ","https://www.dice.com/jobs/q-Computer_science-l-Mount_Laurel,_NJ-radius-30-jobs.html",
"https://www.dice.com/jobs/detail/Manager-%26%2345-Advanced-Analytics-Enablement-Data-Science-Deloitte-Philadelphia-PA-19019/10106525/20820012000006192?icid=sr7-1p&q=Computer science&l=Malvern, PA","https://www.dice.com/jobs/q-Computer_science-l-Malvern,_PA-radius-30-jobs.html",
"https://www.dice.com/jobs/detail/SQL-Computer-Programmer-firstPRO%2C-Inc.-Conshohocken-PA-19428/FIRSTPROb/307121?icid=sr9-1p&q=Computer science&l=Malvern, PA","https://www.dice.com/jobs/q-Computer_science-l-Malvern,_PA-radius-30-jobs.html",
"https://www.dice.com/jobs/detail/Project-Manage%3A-IT-Infrastructure-Build-Out-Longford-%26-Company-Chesterbrook-PA-19087/10491276/301127?icid=sr13-1p&q=Computer science&l=Mount Laurel, NJ","https://www.dice.com/jobs/q-Computer_science-l-Mount_Laurel,_NJ-radius-30-jobs.html",
"https://www.dice.com/jobs/detail/Vitro-Scientist-NetSource%2C-Inc.-Spring-House-PA-19477/NETSO/7927?icid=sr14-1p&q=Computer science&l=Mount Laurel, NJ","https://www.dice.com/jobs/q-Computer_science-l-Mount_Laurel,_NJ-radius-30-jobs.html",
"https://www.dice.com/jobs/detail/Java-Developer%26%2345-Oracle-PLSQl%2C-SQL%2C-Agile%2C-Spring%2C-Medical-CyberCoders-Philadelphia-PA-19019/cybercod/RH1-12477463?icid=sr15-1p&q=Computer science&l=Mount Laurel, NJ","https://www.dice.com/jobs/q-Computer_science-l-Mount_Laurel,_NJ-radius-30-jobs.html",
"https://www.dice.com/jobs/detail/Computer-Operator-%26%2345-Unix%2C-Linux%2C-HP%26%2345UX%2C-AIX-Computer-Enterprises%2C-Inc.-Wilmington-DE-19801/ceiam/JRMJO031246?icid=sr10-1p&q=Computer science&l=Malvern, PA","https://www.dice.com/jobs/q-Computer_science-l-Malvern,_PA-radius-30-jobs.html",
"https://www.dice.com/jobs/detail/Computer-System-Validation-Specialist%26%2347Engineer-Sunrise-Systems%2C-Inc.-Fort-Washington-PA-19034/sunrise/15-13381?icid=sr11-1p&q=Computer science&l=Malvern, PA","https://www.dice.com/jobs/q-Computer_science-l-Malvern,_PA-radius-30-jobs.html",
"https://www.dice.com/jobs/detail/CTO-%26%2345-World%26%2345Class-Advertising-Technology%21-CyberCoders-Jenkintown-PA-19046/cybercod/MC3-12495571?icid=sr16-1p&q=Computer science&l=Mount Laurel, NJ","https://www.dice.com/jobs/q-Computer_science-l-Mount_Laurel,_NJ-radius-30-jobs.html",
"https://www.dice.com/jobs/detail/SharePoint-2013-Developer-Kforce-Inc.-Philadelphia-PA-19053/kforcecx/ITAQG1483392?icid=sr17-1p&q=Computer science&l=Mount Laurel, NJ","https://www.dice.com/jobs/q-Computer_science-l-Mount_Laurel,_NJ-radius-30-jobs.html",
"https://www.dice.com/jobs/detail/Senior.Net-Developer-Kforce-Inc.-Radnor-PA-19087/kforcecx/ITAQG1397313?icid=sr18-1p&q=Computer science&l=Mount Laurel, NJ","https://www.dice.com/jobs/q-Computer_science-l-Mount_Laurel,_NJ-radius-30-jobs.html",
"https://www.dice.com/jobs/detail/Project-Manage%3A-IT-Infrastructure-Build-Out-Longford-%26-Company-Chesterbrook-PA-19087/10491276/301127?icid=sr12-1p&q=Computer science&l=Malvern, PA","https://www.dice.com/jobs/q-Computer_science-l-Malvern,_PA-radius-30-jobs.html",
"https://www.dice.com/jobs/detail/Vitro-Scientist-NetSource%2C-Inc.-Spring-House-PA-19477/NETSO/7927?icid=sr13-1p&q=Computer science&l=Malvern, PA","https://www.dice.com/jobs/q-Computer_science-l-Malvern,_PA-radius-30-jobs.html",
"https://www.dice.com/jobs/detail/Java-Developer%26%2345-Oracle-PLSQl%2C-SQL%2C-Agile%2C-Spring%2C-Medical-CyberCoders-Philadelphia-PA-19019/cybercod/RH1-12477463?icid=sr14-1p&q=Computer science&l=Malvern, PA","https://www.dice.com/jobs/q-Computer_science-l-Malvern,_PA-radius-30-jobs.html",
"https://www.dice.com/jobs/detail/CTO-%26%2345-World%26%2345Class-Advertising-Technology%21-CyberCoders-Jenkintown-PA-19046/cybercod/MC3-12495571?icid=sr15-1p&q=Computer science&l=Malvern, PA","https://www.dice.com/jobs/q-Computer_science-l-Malvern,_PA-radius-30-jobs.html",
"https://www.dice.com/jobs/detail/Senior-C%23-Developer-Kforce-Inc.-Horsham-PA-19044/kforcecx/ITAQG1450843?icid=sr19-1p&q=Computer science&l=Mount Laurel, NJ","https://www.dice.com/jobs/q-Computer_science-l-Mount_Laurel,_NJ-radius-30-jobs.html",
"https://www.dice.com/jobs/detail/Business-Analyst-Kforce-Inc.-Fort-Washington-PA-19034/kforcecx/ITAQG1484080?icid=sr20-1p&q=Computer science&l=Mount Laurel, NJ","https://www.dice.com/jobs/q-Computer_science-l-Mount_Laurel,_NJ-radius-30-jobs.html",
"https://www.dice.com/jobs/detail/Product-Specialist-3-Ciber-Hamilton-NJ-08690/10122753/84655?icid=sr21-1p&q=Computer science&l=Mount Laurel, NJ","https://www.dice.com/jobs/q-Computer_science-l-Mount_Laurel,_NJ-radius-30-jobs.html",
"https://www.dice.com/jobs/detail/Senior.Net-Developer-Kforce-Inc.-Radnor-PA-19087/kforcecx/ITAQG1397313?icid=sr16-1p&q=Computer science&l=Malvern, PA","https://www.dice.com/jobs/q-Computer_science-l-Malvern,_PA-radius-30-jobs.html",
"https://www.dice.com/jobs/detail/Junior%26%2345-Mid-Level-.Net-Developer-Kforce-Inc.-Philadelphia-PA-19019/kforcecx/ITAQG1483420?icid=sr22-1p&q=Computer science&l=Mount Laurel, NJ","https://www.dice.com/jobs/q-Computer_science-l-Mount_Laurel,_NJ-radius-30-jobs.html",
"https://www.dice.com/jobs/detail/Product-Specialist-Kforce-Inc.-Hamilton-NJ-08601/kforcecx/ITAQG1483708?icid=sr23-1p&q=Computer science&l=Mount Laurel, NJ","https://www.dice.com/jobs/q-Computer_science-l-Mount_Laurel,_NJ-radius-30-jobs.html",
"https://www.dice.com/jobs/detail/Perl-%26%2347-Python-%26%2347-Ruby-%26%2347-PHP-Developer-Kforce-Inc.-King-Of-Prussia-PA-19406/kforcecx/ITAQG1467696?icid=sr24-1p&q=Computer science&l=Mount Laurel, NJ","https://www.dice.com/jobs/q-Computer_science-l-Mount_Laurel,_NJ-radius-30-jobs.html",
"https://www.dice.com/jobs/detail/Web-Application-Developer-%283-Full%26%2345Time-Positions%29-Kforce-Inc.-Mount-Laurel-NJ-08054/kforcecx/ITAQG1444865?icid=sr25-1p&q=Computer science&l=Mount Laurel, NJ","https://www.dice.com/jobs/q-Computer_science-l-Mount_Laurel,_NJ-radius-30-jobs.html",
"https://www.dice.com/jobs/detail/ERP%26%2347PeopleSoft-Application-Developer-The-College-of-New-Jersey-Ewing-NJ-08628/RTX16f9a7/14243?icid=sr27-1p&q=Computer science&l=Mount Laurel, NJ","https://www.dice.com/jobs/q-Computer_science-l-Mount_Laurel,_NJ-radius-30-jobs.html",
"https://www.dice.com/jobs/detail/Sr.-Software-Engineer-%26%2345-Front%26%2345End-SevOne-Inc-Philadelphia-PA-19110/RTX14f6d1/338146?icid=sr28-1p&q=Computer science&l=Mount Laurel, NJ","https://www.dice.com/jobs/q-Computer_science-l-Mount_Laurel,_NJ-radius-30-jobs.html",
"https://www.dice.com/jobs/detail/Principal-Research-Engineer%2C-VIDEO-X-Comcast-Philadelphia-PA-19103/10185790/JP-162752336191331?icid=sr29-1p&q=Computer science&l=Mount Laurel, NJ","https://www.dice.com/jobs/q-Computer_science-l-Mount_Laurel,_NJ-radius-30-jobs.html",
"https://www.dice.com/jobs/detail/Optimization%26%2347Algorithm-Expert-Quintiq-Inc-Radnor-PA-19087/RTX166730/508932?icid=sr30-1p&q=Computer science&l=Mount Laurel, NJ","https://www.dice.com/jobs/q-Computer_science-l-Mount_Laurel,_NJ-radius-30-jobs.html",
